model,seed,candidate_a,candidate_b,domain,delta_nll,se,relative_ppl_percent
Qwen/Qwen3.8-27B,20260912,c4,wiki,wikitext,0.034766861772912695,0.004521564579006375,3.5378294399333163
Qwen/Qwen3.8-27B,20260912,c4,wiki,c4,-0.0051701865158975124,0.00045947670397793666,-0.5156844105746243
Qwen/Qwen3.8-27B,20260912,c4,wiki,math,0.0050616334192454815,0.0021031529117942504,0.5074465126345028
Qwen/Qwen3.8-27B,20260912,c4,wiki,code,-0.007003098260611296,0.002857316345524544,-0.6978633710516364
Qwen/Qwen3.8-27B,20260912,mixed,wiki,wikitext,-0.01133420429830476,0.0011588621177920134,-1.1270214191919288
Qwen/Qwen3.8-27B,20260912,mixed,wiki,c4,-0.0005244612693786621,0.0004132708389909665,-0.05243237636069907
Qwen/Qwen3.8-27B,20260912,mixed,wiki,math,-0.006139905191957951,0.00227262930126486,-0.6121094492402221
Qwen/Qwen3.8-27B,20260912,mixed,wiki,code,-0.005478510167449713,0.002803559034821196,-0.5463530498529466
Qwen/Qwen3.8-27B,20260912,consensus,mixed,wikitext,0.0369897489472637,0.004569061371172449,3.7682383446798697
Qwen/Qwen3.8-27B,20260912,consensus,mixed,c4,-0.001795989228412509,0.0004107172293160878,-0.179437740484188
Qwen/Qwen3.8-27B,20260912,consensus,mixed,math,0.0068333689123392105,0.002484474333302417,0.6856769649274893
Qwen/Qwen3.8-27B,20260912,consensus,mixed,code,0.0010845582000911236,0.003262939031182043,0.10851465460150564
Qwen/Qwen3.8-27B,20260913,c4,wiki,wikitext,0.04450247606893224,0.004878096101965826,4.550756545605184
Qwen/Qwen3.8-27B,20260913,c4,wiki,c4,-0.0058370407205075026,0.0004581335363517602,-0.5820038295688211
Qwen/Qwen3.8-27B,20260913,c4,wiki,math,0.0037481896579265594,0.0031176648979573144,0.37552229053521446
Qwen/Qwen3.8-27B,20260913,c4,wiki,code,0.0015351555775851011,0.003218051901050495,0.15363345321244884
Qwen/Qwen3.8-27B,20260913,mixed,wiki,wikitext,-0.0013068745455403967,0.0007142658145508457,-0.13060209568864267
Qwen/Qwen3.8-27B,20260913,mixed,wiki,c4,-0.0005862086545675993,0.0004118845367316271,-0.05860368678435155
Qwen/Qwen3.8-27B,20260913,mixed,wiki,math,0.0009466470219194889,0.0023955218623545197,0.09470952336331467
Qwen/Qwen3.8-27B,20260913,mixed,wiki,code,0.002670598914846778,0.002928387562071867,0.26741681407451334
Qwen/Qwen3.8-27B,20260913,consensus,mixed,wikitext,0.028351030950471173,0.0036820979139557506,2.875674650426342
Qwen/Qwen3.8-27B,20260913,consensus,mixed,c4,-0.003498934442177415,0.00043933425957234516,-0.34928203041302397
Qwen/Qwen3.8-27B,20260913,consensus,mixed,math,-0.0059930793941020966,0.002420169945667808,-0.5975156715675888
Qwen/Qwen3.8-27B,20260913,consensus,mixed,code,0.003982573514804244,0.0030758612477693363,0.3990514499056272
qwen3-4b,20260918,c4,wiki,wikitext,-0.06434162426739931,0.0018059580789324668,-6.231539101034416
qwen3-4b,20260918,c4,wiki,c4,-0.0402826692443341,0.0010439317069407034,-3.9482108091570955
qwen3-4b,20260918,c4,wiki,math,-0.029201305005699396,0.008127694929770685,-2.877906684893451
qwen3-4b,20260918,c4,wiki,code,-0.03508541686460376,0.007792066294929553,-3.4477059207086707
qwen3-4b,20260918,mixed,wiki,wikitext,-0.030971684493124485,0.001288424928655725,-3.0496975343068096
qwen3-4b,20260918,mixed,wiki,c4,-0.015841443557292223,0.0007341791099182603,-1.5716627846469524
qwen3-4b,20260918,mixed,wiki,math,-0.00394938699901104,0.007510029496842773,-0.3941598426912509
qwen3-4b,20260918,mixed,wiki,code,-0.0039433082565665245,0.007226755872322723,-0.39355436260268817
qwen3-4b,20260918,consensus,mixed,wikitext,-0.041950308717787266,0.0016077331093141032,-4.108257077479224
qwen3-4b,20260918,consensus,mixed,c4,-0.025116456439718604,0.0007672678856335848,-2.4803662478274715
qwen3-4b,20260918,consensus,mixed,math,-0.020390328019857407,0.008516034307633293,-2.0183851040621197
qwen3-4b,20260918,consensus,mixed,code,-0.012881551869213581,0.007061302042967554,-1.2798939784341623
llama-3.1-8b-local,20260918,c4,wiki,wikitext,0.008295013652584417,0.0010356877926798048,0.8329512602110425
llama-3.1-8b-local,20260918,c4,wiki,c4,-0.0011936092050746083,0.0006236836771779618,-0.11928971369459244
llama-3.1-8b-local,20260918,c4,wiki,math,0.005593364126980305,0.0031649089343795704,0.5609036194343743
llama-3.1-8b-local,20260918,c4,wiki,code,-0.016085692681372166,0.006026192459391986,-1.595700884034583
llama-3.1-8b-local,20260918,mixed,wiki,wikitext,0.0034874357828279822,0.0008664944312636723,0.349352396231869
llama-3.1-8b-local,20260918,mixed,wiki,c4,-0.000533676240593195,0.0009449771238886374,-0.053353386075767964
llama-3.1-8b-local,20260918,mixed,wiki,math,0.002012775279581547,0.0030917014610417517,0.20148022714761815
llama-3.1-8b-local,20260918,mixed,wiki,code,-0.008085694629698992,0.0058513733911327165,-0.8053093328107273
llama-3.1-8b-local,20260918,consensus,mixed,wikitext,-0.0014841856995249183,0.0008650400268038052,-0.14830848406232813
llama-3.1-8b-local,20260918,consensus,mixed,c4,0.0004796732682734728,0.0007735048883339537,0.0479788329892213
llama-3.1-8b-local,20260918,consensus,mixed,math,0.004827382043004036,0.0036567859659366307,0.483905262359192
llama-3.1-8b-local,20260918,consensus,mixed,code,-0.00812816247344017,0.005783609644221735,-0.8095218279855095
qwen3-4b,20260918,teacher_consensus,teacher_mixed,wikitext,0.05705562327057123,0.002012850279057854,5.871469793182702
qwen3-4b,20260918,teacher_consensus,teacher_mixed,c4,0.019193235551938415,0.0009680493733218153,1.9378609775140234
qwen3-4b,20260918,teacher_consensus,teacher_mixed,math,0.04210439836606383,0.008589464844420754,4.300336091378288
qwen3-4b,20260918,teacher_consensus,teacher_mixed,code,0.034646796993911266,0.008279126591204401,3.525398939570895
qwen3-4b,20260918,teacher_mixed,mixed,wikitext,0.0015015676617622375,0.0019221264292220745,0.15026955789610102
qwen3-4b,20260918,teacher_mixed,mixed,c4,0.0089083316270262,0.0008521461344483918,0.8948128901205675
qwen3-4b,20260918,teacher_mixed,mixed,math,0.014726838562637568,0.007613498853037126,1.4835812740887464
qwen3-4b,20260918,teacher_mixed,mixed,code,0.00861292751505971,0.007324963694912166,0.8650125493050508
qwen3-4b,20260918,teacher_consensus,consensus,wikitext,0.10050749965012074,0.002858268046391106,10.573193427561614
qwen3-4b,20260918,teacher_consensus,consensus,c4,0.05321802361868322,0.0014633021682881255,5.465956074883971
qwen3-4b,20260918,teacher_consensus,consensus,math,0.07722156494855881,0.008433207613924742,8.028140237184267
qwen3-4b,20260918,teacher_consensus,consensus,code,0.05614127637818456,0.008453087059482297,5.774710786174701
llama-3.1-8b-local,20260918,teacher_consensus,teacher_mixed,wikitext,-0.0026410847175412063,0.0008165459793292124,-0.2637600121677938
llama-3.1-8b-local,20260918,teacher_consensus,teacher_mixed,c4,4.263129085302353e-06,0.0007763411057085957,0.00042631381724500647
llama-3.1-8b-local,20260918,teacher_consensus,teacher_mixed,math,-0.004986110143363476,0.003703390778991163,-0.4973700130646761
llama-3.1-8b-local,20260918,teacher_consensus,teacher_mixed,code,-0.004657677374780178,0.0056855431600145905,-0.46468472165018015
llama-3.1-8b-local,20260918,teacher_mixed,mixed,wikitext,0.00794218807685666,0.0008778271176992811,0.7973810915319497
llama-3.1-8b-local,20260918,teacher_mixed,mixed,c4,0.001835511182434857,0.0008875025753174395,0.1837196764228923
llama-3.1-8b-local,20260918,teacher_mixed,mixed,math,0.005698357708752155,0.0038972086059353237,0.5714624231852052
llama-3.1-8b-local,20260918,teacher_mixed,mixed,code,-0.001944459043443203,0.005120419565798452,-0.19425698076696432
llama-3.1-8b-local,20260918,teacher_consensus,consensus,wikitext,0.006785289058840372,0.0008232035618917346,0.680836128703865
llama-3.1-8b-local,20260918,teacher_consensus,consensus,c4,0.0013601010432466865,0.0008105950082775204,0.13610264001493488
llama-3.1-8b-local,20260918,teacher_consensus,consensus,math,-0.0041151344776153564,0.0032805242299884085,-0.41066789143006915
llama-3.1-8b-local,20260918,teacher_consensus,consensus,code,0.0015260260552167892,0.005392125629436317,0.15271910254936882
