model,seed,rule,domain,tiles,accepted,n,baseline_ppl,candidate_ppl,delta_nll,se,relative_ppl_percent,lower_percent,upper_percent,delta_ppl,lower_ppl,upper_ppl,worthwhile_gain_0p01_ppl,supported_gain_0p01_ppl,export_delta_ppl,export_relative_ppl_percent,supported_improvement,supported_harm
Qwen3.8-27B,20260912,wiki,wikitext,226,True,127,7.689033260261394,7.320646285600235,-0.049096447276318164,0.005081191546736949,-4.791070114952735,-5.7537200409838025,-3.8185874944058673,-0.368386974661159,-0.4424054476535701,-0.2936124625170493,True,True,-0.368386974661159,-4.791070114952735,True,False
Qwen3.8-27B,20260912,wiki,c4,226,True,256,10.225732077840728,10.228515503027651,0.00027216109447181225,0.00041905937037514304,0.027219813366261697,-0.05657975224589746,0.11108964240526153,0.002783425186922983,-0.005785693874971547,0.011359729198593384,False,False,0.002783425186922983,0.027219813366261697,False,False
Qwen3.8-27B,20260912,wiki,math,226,True,128,2.928102897285307,2.8791872944550403,-0.016846673097461462,0.0027160172361295077,-1.670556143215352,-2.203236991700516,-1.1349738808427081,-0.048915602830266636,-0.06451304618804445,-0.03323320308838682,True,True,-0.048915602830266636,-1.670556143215352,True,False
Qwen3.8-27B,20260912,wiki,code,226,True,128,4.2669478476732925,4.25039518363673,-0.0038868188858032227,0.0031401281953663883,-0.3879274982371452,-1.011556528316073,0.2396304062994199,-0.016552664036562525,-0.04316258951298136,0.010224904463963864,True,False,-0.016552664036562525,-0.3879274982371452,False,False
Qwen3.8-27B,20260912,c4,wikitext,905,True,127,7.689033260261394,7.579638265085585,-0.014329585503405474,0.002547919522501645,-1.4227405640340642,-1.9237966766987147,-0.9191246333959242,-0.1093949951758093,-0.14792136633116754,-0.07067179876506821,True,True,-0.1093949951758093,-1.4227405640340642,True,False
Qwen3.8-27B,20260912,c4,c4,905,True,256,10.225732077840728,10.175768643145329,-0.0048980254214257,0.0004393717344882225,-0.48860496554247995,-0.5760115444130395,-0.4011215449544584,-0.049963434695399656,-0.058901397269109965,-0.041017614493538364,True,True,-0.049963434695399656,-0.48860496554247995,True,False
Qwen3.8-27B,20260912,c4,math,905,True,128,2.928102897285307,2.893797629972968,-0.01178503967821598,0.0025122263674652234,-1.171586809471197,-1.6669001192381245,-0.6737785587827511,-0.03430526731233874,-0.04880855068626376,-0.01972892950100492,True,True,-0.03430526731233874,-1.171586809471197,True,False
Qwen3.8-27B,20260912,c4,code,905,True,128,4.2669478476732925,4.220733232525186,-0.010889917146414518,0.002822570339488241,-1.0830836653723477,-1.639910412224468,-0.5231046641118656,-0.04621461514810665,-0.06997412203818217,-0.022320603206399857,True,True,-0.04621461514810665,-1.0830836653723477,True,False
Qwen3.8-27B,20260912,mixed,wikitext,728,True,127,7.689033260261394,7.238141033938241,-0.06043065157462293,0.005851982756221926,-5.864095147740643,-6.959436111636349,-4.7558590359970845,-0.45089222632315273,-0.5351133573503613,-0.36567958308896276,True,True,-0.45089222632315273,-5.864095147740643,True,False
Qwen3.8-27B,20260912,mixed,c4,728,True,256,10.225732077840728,10.223152449282992,-0.00025230017490684986,0.0004245786612018441,-0.025226834989426253,-0.11008511156563205,0.05970353021666304,-0.002579628557736413,-0.01125700856629359,0.006105123040968644,False,False,-0.002579628557736413,-0.025226834989426253,False,False
Qwen3.8-27B,20260912,mixed,math,728,True,128,2.928102897285307,2.8615635169643574,-0.022986578289419413,0.0031179414906367772,-2.27243996044809,-2.8799614039011896,-1.6611182476624144,-0.06653938032094953,-0.08432823330832934,-0.04863925153713808,True,True,-0.06653938032094953,-2.27243996044809,True,False
Qwen3.8-27B,20260912,mixed,code,728,True,128,4.2669478476732925,4.227173019920128,-0.009365329053252935,0.0031879929529040397,-0.9321610943722549,-1.5618067997906109,-0.2984879510107272,-0.03977482775316421,-0.0666414816284806,-0.012736325201216337,True,True,-0.03977482775316421,-0.9321610943722549,True,False
Qwen3.8-27B,20260912,consensus,wikitext,1227,True,127,7.689033260261394,7.510891439821112,-0.023440902627359227,0.0022562417090758683,-2.316829884986448,-2.7566305275228693,-1.8750401648787263,-0.17814182044028204,-0.21195823812375256,-0.14417246192078534,True,True,-0.17814182044028204,-2.316829884986448,True,False
Qwen3.8-27B,20260912,consensus,c4,1227,True,256,10.225732077840728,10.204808255521744,-0.002048289403319359,0.00043556296355285964,-0.20461930901091357,-0.2915157981486966,-0.11764708910774063,-0.020923822318984264,-0.029809624483264695,-0.0120302761295361,True,True,-0.020923822318984264,-0.20461930901091357,True,False
Qwen3.8-27B,20260912,consensus,math,1227,True,128,2.928102897285307,2.881184598836951,-0.016153209377080202,0.00301292234991172,-1.6023445928712003,-2.1934907170634697,-1.0076255598540533,-0.046918298448356044,-0.0642276652380197,-0.02950431321187383,True,True,-0.046918298448356044,-1.6023445928712003,True,False
Qwen3.8-27B,20260912,consensus,code,1227,True,128,4.2669478476732925,4.231760122122102,-0.008280770853161812,0.0033294507874906238,-0.824657971162637,-1.4828629192961715,-0.1620554758958298,-0.03518772555119032,-0.06327298741885334,-0.006914822640773821,True,False,-0.03518772555119032,-0.824657971162637,True,False
Qwen3.8-27B,20260913,wiki,wikitext,327,True,127,7.689033260261394,7.280248684259673,-0.0546300401837807,0.005527987831340721,-5.316462579429964,-6.357515930180446,-4.263835506667785,-0.4087845760017208,-0.488831514397991,-0.32784773027052094,True,True,-0.4087845760017208,-5.316462579429964,True,False
Qwen3.8-27B,20260913,wiki,c4,327,True,256,10.225732077840728,10.232101991908477,0.0006227359408512712,0.00043285562859321096,0.06229298811330572,-0.024294580022358726,0.1489555485375882,0.006369914067748894,-0.0024842986625230215,0.01523179530853177,False,False,0.006369914067748894,0.06229298811330572,False,False
Qwen3.8-27B,20260913,wiki,math,327,True,128,2.928102897285307,2.8973498938815627,-0.01055824849754572,0.0026611659993984777,-1.0502705841470137,-1.5755148931010283,-0.5222232980294513,-0.030753003403744206,-0.04613269723205272,-0.015291235519899247,True,True,-0.030753003403744206,-1.0502705841470137,True,False
Qwen3.8-27B,20260913,wiki,code,327,True,128,4.2669478476732925,4.225229237005184,-0.00982526526786387,0.00353110037006451,-0.9777155043237059,-1.6745672056091958,-0.27592507782965336,-0.04171861066810845,-0.07145290933758437,-0.011773579169643252,True,True,-0.04171861066810845,-0.9777155043237059,True,False
Qwen3.8-27B,20260913,c4,wikitext,864,True,127,7.689033260261394,7.611555077794956,-0.01012756411484846,0.0027503602346241117,-1.0076453026528394,-1.5506796650621213,-0.4616156293795106,-0.07747818246643767,-0.11923227520673649,-0.03549377927755554,True,True,-0.07747818246643767,-1.0076453026528394,True,False
Qwen3.8-27B,20260913,c4,c4,864,True,256,10.225732077840728,10.17255076647018,-0.005214304779656231,0.0004459498995388617,-0.5200733890318877,-0.6087599599420175,-0.4313076833020633,-0.05318131137054749,-0.06225016250084125,-0.044104368125610784,True,True,-0.05318131137054749,-0.5200733890318877,True,False
Qwen3.8-27B,20260913,c4,math,864,True,128,2.928102897285307,2.9082300885678865,-0.00681005883961916,0.002703752152165295,-0.6786922937662058,-1.2143231743507603,-0.14015714153564962,-0.019872808717420476,-0.035556632050571524,-0.004103945322057625,True,False,-0.019872808717420476,-0.6786922937662058,True,False
Qwen3.8-27B,20260913,c4,code,864,True,128,4.2669478476732925,4.231720602588137,-0.008290109690278769,0.0034473364230597652,-0.8255841492031432,-1.5070075062689738,-0.1394463674884274,-0.03522724508515562,-0.06430322435301894,-0.005950103776206043,True,False,-0.03522724508515562,-0.8255841492031432,True,False
Qwen3.8-27B,20260913,mixed,wikitext,360,True,127,7.689033260261394,7.270740526906686,-0.055936914729321094,0.005424413100222477,-5.440121263573369,-6.460440314138531,-4.408672686971923,-0.41829273335470774,-0.4967454045134474,-0.33898430923733086,True,True,-0.41829273335470774,-5.440121263573369,True,False
Qwen3.8-27B,20260913,mixed,c4,360,True,256,10.225732077840728,10.226105602905683,3.6527286283671856e-05,0.0004141430302259556,0.003652795341311626,-0.07914454158968463,0.08651874056205296,0.000373525064954805,-0.008093108777196378,0.008847174606997646,False,False,0.000373525064954805,0.003652795341311626,False,False
Qwen3.8-27B,20260913,mixed,math,360,True,128,2.928102897285307,2.9000939601562257,-0.00961160147562623,0.0024659753039769855,-0.9565557670479699,-1.4438305467623733,-0.4668718361635994,-0.028008937129081257,-0.04227684407163935,-0.013670487761315466,True,True,-0.028008937129081257,-0.9565557670479699,True,False
Qwen3.8-27B,20260913,mixed,code,360,True,128,4.2669478476732925,4.236528210418128,-0.007154666353017092,0.003382343169848082,-0.7129132659015676,-1.3822926418601635,-0.03899039809995491,-0.03041963725516439,-0.05898170613039854,-0.0016636999525252744,True,False,-0.03041963725516439,-0.7129132659015676,True,False
Qwen3.8-27B,20260913,consensus,wikitext,1247,False,127,7.689033260261394,7.479823369137216,-0.027585883778849924,0.0025831352432106333,-2.720886801276059,-3.2221610386591575,-2.217016144467183,-0.20920989112417843,-0.2477530339616866,-0.1704671087334465,True,True,0.0,0.0,True,False
Qwen3.8-27B,20260913,consensus,c4,1247,False,256,10.225732077840728,10.190387653623674,-0.003462407155893743,0.0004541761777062204,-0.34564199362944736,-0.43612216429228295,-0.2550795977513917,-0.03534442421705464,-0.04459668405260922,-0.02608375625129116,True,True,0.0,0.0,True,False
Qwen3.8-27B,20260913,consensus,math,1247,False,128,2.928102897285307,2.882765444254107,-0.015604680869728327,0.0030041773631409954,-1.5483558680001634,-2.138114754827083,-0.9550428339818225,-0.04533745303120007,-0.06260620008337646,-0.02796463689213745,True,True,0.0,0.0,True,False
Qwen3.8-27B,20260913,consensus,code,1247,False,128,4.2669478476732925,4.253434137667463,-0.0031720928382128477,0.0032113931239309964,-0.31670670672009016,-0.954899510142747,0.3255982643143526,-0.013513710005829793,-0.04074506409547876,0.013893108131222867,True,False,0.0,0.0,False,False
qwen3-4b,20260918,wiki,wikitext,23,True,128,15.215968675837818,14.126814111077778,-0.07427074573934078,0.002711955536179834,-7.157970602880917,-7.660174328747854,-6.653035568172523,-1.0891545647600402,-1.1655697263768434,-1.0123238080454797,True,True,-1.0891545647600402,-7.157970602880917,True,False
qwen3-4b,20260918,wiki,c4,23,True,256,17.81870635638335,17.324589008495682,-0.028122002026066184,0.0010585055607914662,-2.773025931316576,-2.978638797583642,-2.5669773192482688,-0.49411734788766637,-0.530754900758737,-0.4574021507518101,True,True,-0.49411734788766637,-2.773025931316576,True,False
qwen3-4b,20260918,wiki,math,23,True,128,5.257418519855406,4.945504233402199,-0.061161202378571033,0.008351696177611107,-5.932841094450024,-7.491031992225011,-4.34840453718714,-0.3119142864532076,-0.3938349032875311,-0.22861382545630946,True,True,-0.3119142864532076,-5.932841094450024,True,False
qwen3-4b,20260918,wiki,code,23,True,128,9.669665336022605,9.474695202444366,-0.0203691185452044,0.006305770224498684,-2.016306943446254,-3.2442727061110053,-0.7727565745111514,-0.19497013357823967,-0.3137103132688584,-0.07472297461734051,True,True,-0.19497013357823967,-2.016306943446254,True,False
qwen3-4b,20260918,c4,wikitext,125,True,128,15.215968675837818,13.246496166015518,-0.1386123700067401,0.00355142007061359,-12.94345796695626,-13.559615842373987,-12.322908041096614,-1.9694725098222996,-2.063226899139568,-1.8750498274855605,True,True,-1.9694725098222996,-12.94345796695626,True,False
qwen3-4b,20260918,c4,c4,125,True,256,17.81870635638335,16.640577712620214,-0.06840467127040029,0.0017704275260007772,-6.6117518309127,-6.941841336813555,-6.280491454198679,-1.1781286437631344,-1.2369463235328437,-1.1191023299614131,True,True,-1.1781286437631344,-6.6117518309127,True,False
qwen3-4b,20260918,c4,math,125,True,128,5.257418519855406,4.803177236467428,-0.09036250738427043,0.008509606849097113,-8.640006148882193,-10.181724774800896,-7.071824129900717,-0.45424128338797853,-0.5352958839510884,-0.37179539149700375,True,True,-0.45424128338797853,-8.640006148882193,True,False
qwen3-4b,20260918,c4,code,125,True,128,9.669665336022605,9.148035574980591,-0.05545453540980816,0.007754176531260593,-5.394496530286068,-6.850353925718094,-3.915885202389887,-0.5216297610420142,-0.6624062989500262,-0.3786529940139335,True,True,-0.5216297610420142,-5.394496530286068,True,False
qwen3-4b,20260918,mixed,wikitext,53,True,128,15.215968675837818,13.695989009456133,-0.10524243023246527,0.003063000315606181,-9.989371684205262,-10.539091339455913,-9.436274109996559,-1.5199796663816851,-1.603624836929548,-1.4358205127432704,True,True,-1.5199796663816851,-9.989371684205262,True,False
qwen3-4b,20260918,mixed,c4,53,True,256,17.81870635638335,17.05230489045612,-0.04396344558335841,0.001368484941565142,-4.301106099392416,-4.5626729762319,-4.038822341294905,-0.7664014659272276,-0.8130092996368188,-0.7196658932513461,True,True,-0.7664014659272276,-4.301106099392416,True,False
qwen3-4b,20260918,mixed,math,53,True,128,5.257418519855406,4.926011041695531,-0.06511058937758207,0.008720390642377436,-6.303616060016269,-7.923586362168105,-4.655144389531645,-0.3314074781598748,-0.4165760968413632,-0.2447404232612466,True,True,-0.3314074781598748,-6.303616060016269,True,False
qwen3-4b,20260918,mixed,code,53,True,128,9.669665336022605,9.43740712613184,-0.024312426801770926,0.007367133355137196,-2.4019260421095487,-3.829419732352684,-0.953243561801792,-0.23225820989076595,-0.37029207243011714,-0.09217546226341511,True,True,-0.23225820989076595,-2.4019260421095487,True,False
qwen3-4b,20260918,consensus,wikitext,143,True,128,15.215968675837818,13.133322571644374,-0.14719273895025253,0.003575342502849948,-13.687239692472417,-14.302233618977537,-13.067832377548788,-2.0826461041934436,-2.1762233874087675,-1.988397281178816,True,True,-2.0826461041934436,-13.687239692472417,True,False
qwen3-4b,20260918,consensus,c4,143,True,256,17.81870635638335,16.629345275476613,-0.06907990202307701,0.00177298294749288,-6.6747891632473095,-7.00513114118327,-6.343273724627702,-1.1893610809067354,-1.2482237479270126,-1.1302893183730311,True,True,-1.1893610809067354,-6.6747891632473095,True,False
qwen3-4b,20260918,consensus,math,143,True,128,5.257418519855406,4.826585168605494,-0.08550091739743948,0.008517858646166764,-8.194769916505752,-9.745491531191862,-6.617404341677909,-0.4308333512499125,-0.5123612766118211,-0.3479046413930901,True,True,-0.4308333512499125,-8.194769916505752,True,False
qwen3-4b,20260918,consensus,code,143,True,128,9.669665336022605,9.316618320604162,-0.03719397867098451,0.007907905976517991,-3.6510779137643086,-5.162927270437861,-2.115127344226541,-0.3530470154184435,-0.49923778859358797,-0.20452573561740933,True,True,-0.3530470154184435,-3.6510779137643086,True,False
llama-3.1-8b-local,20260918,wiki,wikitext,2239,True,123,7.1183388732577955,7.014720823348309,-0.014663478223288931,0.000914782634367386,-1.4556492990065482,-1.635777791816452,-1.2751909477054815,-0.10361804990948631,-0.11644020643498848,-0.09077241293878377,True,True,-0.10361804990948631,-1.4556492990065482,True,False
llama-3.1-8b-local,20260918,wiki,c4,2239,True,256,9.455222525703801,9.411855818963808,-0.0045970851788297296,0.0010701170702647747,-0.4586534756014688,-0.6714674467293021,-0.2453835449910678,-0.04336670673999343,-0.06348874127591715,-0.023201560220365965,True,True,-0.04336670673999343,-0.4586534756014688,True,False
llama-3.1-8b-local,20260918,wiki,math,2239,True,128,5.60005332264832,5.534762245571788,-0.011727509088814259,0.0036356506047466285,-1.1659009890579772,-1.8819470445751725,-0.44462937169790007,-0.06529107707653115,-0.10539003800021379,-0.0248994819032386,True,True,-0.06529107707653115,-1.1659009890579772,True,False
llama-3.1-8b-local,20260918,wiki,code,2239,True,128,6.002329259539231,6.11012323643138,0.017799338791519403,0.005547656752852497,1.7958691073275888,0.6726547565177263,2.9316152671069924,0.10779397689214942,0.04037495326614586,0.17596520095468218,False,False,0.10779397689214942,1.7958691073275888,False,True
llama-3.1-8b-local,20260918,c4,wikitext,2924,True,123,7.1183388732577955,7.073150028846674,-0.006368464570704515,0.0009217733441187089,-0.634822887975834,-0.8178384804380956,-0.45146958652869906,-0.04518884441112103,-0.05821651447348582,-0.032137135078808624,True,True,-0.04518884441112103,-0.634822887975834,True,False
llama-3.1-8b-local,20260918,c4,c4,2924,True,256,9.455222525703801,9.400628443104019,-0.005790694383904338,0.0010999021214928224,-0.5773960628781659,-0.7958659452800936,-0.358445060511113,-0.05459408259978282,-0.0752508961325289,-0.03389177810371938,True,True,-0.05459408259978282,-0.5773960628781659,True,False
llama-3.1-8b-local,20260918,c4,math,2924,True,128,5.60005332264832,5.565806927334288,-0.006134144961833954,0.0034776883214508295,-0.6115369504702505,-1.3004226380302295,0.0821568984133035,-0.03424639531403173,-0.0728243611494828,0.004600830119379007,True,False,-0.03424639531403173,-0.6115369504702505,False,False
llama-3.1-8b-local,20260918,c4,code,2924,True,128,6.002329259539231,6.0126239459320425,0.0017136461101472378,0.00558177226938312,0.17151152407127557,-0.9405388453717923,1.2960458704082625,0.010294686392811947,-0.05645423831308353,0.07779294049656504,False,False,0.010294686392811947,0.17151152407127557,False,False
llama-3.1-8b-local,20260918,mixed,wikitext,1188,True,123,7.1183388732577955,7.039226918633653,-0.01117604244046095,0.0007955378797729,-1.111382248481491,-1.2685964280798856,-0.9539177301117165,-0.07911195462414256,-0.09030299268477038,-0.0679030966014407,True,True,-0.07911195462414256,-1.111382248481491,True,False
llama-3.1-8b-local,20260918,mixed,c4,1188,True,256,9.455222525703801,9.406834275191821,-0.0051307614194229245,0.0008676266162698734,-0.5117621545176492,-0.6842497427346921,-0.33897499681629123,-0.048388250511980146,-0.06469733580712092,-0.03205084025547771,True,True,-0.048388250511980146,-0.5117621545176492,True,False
llama-3.1-8b-local,20260918,mixed,math,1188,True,128,5.60005332264832,5.545913697116247,-0.009714733809232712,0.0034576194342129615,-0.9667698218714296,-1.6492458025561172,-0.2795580008974392,-0.05413962553207252,-0.09235864436468179,-0.01565539711798626,True,True,-0.05413962553207252,-0.9667698218714296,True,False
llama-3.1-8b-local,20260918,mixed,code,1188,True,128,6.002329259539231,6.060917843762161,0.009713644161820412,0.005902057547520904,0.9760974729904877,-0.2088287420648285,2.1750935713573867,0.058588584222930784,-0.012534588687284909,0.13055627785594123,False,False,0.058588584222930784,0.9760974729904877,False,False
llama-3.1-8b-local,20260918,consensus,wikitext,17835,False,123,7.1183388732577955,7.028787147900919,-0.012660228139985867,0.0007765018968760776,-1.2580424583789585,-1.4112700807077554,-1.1045766880969037,-0.08955172535687606,-0.1004589867616768,-0.07862751177374541,True,True,0.0,0.0,True,False
llama-3.1-8b-local,20260918,consensus,c4,17835,False,256,9.455222525703801,9.41134756449829,-0.004651088151149452,0.0008308851877211518,-0.46402885903784596,-0.6292974299310625,-0.2984854214100823,-0.043874961205512264,-0.05950147234851692,-0.028222460801108018,True,True,0.0,0.0,True,False
llama-3.1-8b-local,20260918,consensus,math,17835,False,128,5.60005332264832,5.572750665342492,-0.004887351766228676,0.0031469396854475378,-0.48754280955517393,-1.1118953501912416,0.1407517228541122,-0.02730265730582726,-0.06226673250275679,0.007882171532376464,True,False,0.0,0.0,False,False
llama-3.1-8b-local,20260918,consensus,code,17835,False,128,6.002329259539231,6.0118533908406375,0.0015854816883802414,0.005580823316052139,0.1586739228987052,-0.9530459486891778,1.2828719275571228,0.009524131301406946,-0.05720495583502376,0.07700219707017611,False,False,0.0,0.0,False,False
qwen3-4b,20260918,teacher_mixed,wikitext,347,True,128,15.215968675837818,13.71656991159014,-0.10374086257070303,0.0026406960856098505,-9.854113110975614,-10.328953878371847,-9.376757889202707,-1.4993987642476778,-1.5716503866747957,-1.4267645432302354,True,True,-1.4993987642476778,-9.854113110975614,True,False
qwen3-4b,20260918,teacher_mixed,c4,347,True,256,17.81870635638335,17.20489111267858,-0.03505511395633221,0.0013186436111666206,-3.444780061066974,-3.699088419370669,-3.189800133407998,-0.6138152437047673,-0.6591297033106417,-0.5683811191274954,True,True,-0.6138152437047673,-3.444780061066974,True,False
qwen3-4b,20260918,teacher_mixed,math,347,True,128,5.257418519855406,4.99909241906967,-0.050383750814944506,0.008547129644796463,-4.913554053384375,-6.525172459311214,-3.274149408588129,-0.2583261007857365,-0.3430556253283323,-0.17213573737484855,True,True,-0.2583261007857365,-4.913554053384375,True,False
qwen3-4b,20260918,teacher_mixed,code,347,True,128,9.669665336022605,9.519041882101888,-0.015699499286711216,0.007387830556976766,-1.5576904544937715,-3.001547420504784,-0.09234115656550512,-0.1506234539207174,-0.2902395904648317,-0.008929080807297011,True,False,-0.1506234539207174,-1.5576904544937715,True,False
qwen3-4b,20260918,teacher_consensus,wikitext,191,True,128,15.215968675837818,14.521934170609942,-0.0466852393001318,0.0024377112539529645,-4.561224592489902,-5.025396509695351,-4.094784115471573,-0.6940345052278758,-0.7646627587518915,-0.6230610683533373,True,True,-0.6940345052278758,-4.561224592489902,True,False
qwen3-4b,20260918,teacher_consensus,c4,191,True,256,17.81870635638335,17.538297983774957,-0.015861878404393792,0.0009919186377746491,-1.573674132117551,-1.7687423904524873,-1.3782185059901644,-0.2804083726083917,-0.31516701275560416,-0.24558070853172104,True,True,-0.2804083726083917,-1.573674132117551,True,False
qwen3-4b,20260918,teacher_consensus,math,191,True,128,5.257418519855406,5.214070194608279,-0.008279352448880672,0.008977243439496983,-0.8245173003331557,-2.5892721617079415,0.9722089854407577,-0.04334832524712695,-0.13612887415909372,0.051113095252260744,True,False,-0.04334832524712695,-0.8245173003331557,False,False
qwen3-4b,20260918,teacher_consensus,code,191,True,128,9.669665336022605,9.854626083670817,0.01894729770720005,0.00793648194448906,1.9127936823126028,0.30790644290182045,3.5433584893505157,0.18496074764821202,0.02977352257665757,0.34263090757574105,False,False,0.18496074764821202,1.9127936823126028,False,True
llama-3.1-8b-local,20260918,teacher_mixed,wikitext,26,False,123,7.1183388732577955,7.095356383072864,-0.00323385436360429,0.0008069158779240196,-0.32286310885357533,-0.48359550529274065,-0.1618711079462195,-0.022982490184931592,-0.03442396684258062,-0.01152253400150883,True,True,0.0,0.0,True,False
llama-3.1-8b-local,20260918,teacher_mixed,c4,26,False,256,9.455222525703801,9.424116480683843,-0.0032952502369880676,0.0007132589620183261,-0.3289826858690916,-0.47106381384276735,-0.18669873198669196,-0.031106045019958728,-0.04454013183690076,-0.017652780562009068,True,True,0.0,0.0,True,False
llama-3.1-8b-local,20260918,teacher_mixed,math,26,False,128,5.60005332264832,5.5776065099175485,-0.0040163761004805565,0.003815385017622111,-0.40083212493691395,-1.1579580698415726,0.3620933733283765,-0.022446812730771093,-0.06484626936503733,0.020277421984165135,True,False,0.0,0.0,False,False
llama-3.1-8b-local,20260918,teacher_mixed,code,26,False,128,6.002329259539231,6.0491440877521025,0.007769185118377209,0.005556939045569599,0.7799443547431495,-0.33391057181738676,1.9062475754480765,0.04681482821287197,-0.02004241195288976,0.11441925598037708,False,False,0.0,0.0,False,False
llama-3.1-8b-local,20260918,teacher_consensus,wikitext,170,True,123,7.1183388732577955,7.076641670213522,-0.005874939081145496,0.0008383440512698374,-0.5857715372461716,-0.7523185286357852,-0.4189450642613238,-0.041697203044273046,-0.053552582274602176,-0.02982192936690866,True,True,-0.041697203044273046,-0.5857715372461716,True,False
llama-3.1-8b-local,20260918,teacher_consensus,c4,170,True,256,9.455222525703801,9.424156656994553,-0.0032909871079027653,0.0007883132158811743,-0.32855777455049273,-0.485578590744218,-0.17128919992769773,-0.031065868709248434,-0.04591253629204237,-0.016195775015661495,True,True,-0.031065868709248434,-0.32855777455049273,True,False
llama-3.1-8b-local,20260918,teacher_consensus,math,170,True,128,5.60005332264832,5.549865167690475,-0.009002486243844032,0.002741791911523826,-0.896208519209424,-1.4381651765582135,-0.3512718339525619,-0.05018815495784423,-0.0805380167550193,-0.01967141000878813,True,True,-0.05018815495784423,-0.896208519209424,True,False
llama-3.1-8b-local,20260918,teacher_consensus,code,170,True,128,6.002329259539231,6.0210346393857135,0.0031115077435970306,0.006094110034560276,0.31163535083910476,-0.9035643323306543,1.541736783602847,0.018705379846482906,-0.05423490629824315,0.09254011806727272,False,False,0.018705379846482906,0.31163535083910476,False,False
