model,tensor,type_block,rule,clip,metric,pos_share,rank1_sign_fit,row_share,col_share,resid_share,ceiling_pct_of_mse,row_corr_abs,row_corr_p999,col_corr_abs,col_corr_p999,sv1,sv_top4,sv_top16,ctrl_row_corr_abs,ctrl_row_corr_p999,ctrl_col_corr_abs,ctrl_col_corr_p999,ctrl_sv1,ctrl_sv_top4,ctrl_sv_top16
llama-3.1-8b,"layers.0.self_attn.q_proj (4096, 4096)",-,-,heade0,mse,0.3764,0.7523,0.0978,0.0144,0.8878,13.7664,0.065931,0.492055,0.102391,0.506653,0.178229,0.281906,0.441928,0.044581,0.390001,0.01151,0.082783,0.013092,0.043189,0.11673
llama-3.1-8b,"layers.0.self_attn.k_proj (1024, 4096)",-,-,heade0,mse,0.3724,0.7984,0.0894,0.0246,0.886,12.0225,0.087353,0.864882,0.099763,0.435251,0.130158,0.269863,0.453801,0.045025,0.385312,0.023125,0.185888,0.016025,0.059883,0.16811
llama-3.1-8b,"layers.0.self_attn.v_proj (1024, 4096)",-,-,heade0,mse,0.3685,0.7561,0.0155,0.0055,0.979,12.202,0.050937,0.217679,0.02908,0.126457,0.018119,0.04831,0.146008,0.049697,0.211797,0.024821,0.10271,0.008605,0.032816,0.118227
llama-3.1-8b,"layers.0.self_attn.o_proj (4096, 4096)",-,-,heade0,mse,0.5531,0.5807,0.0629,0.0025,0.9346,20.0858,0.059928,0.265817,0.072314,0.861523,0.458082,0.662693,0.765063,0.046828,0.327397,0.010331,0.113875,0.071731,0.206735,0.414602
llama-3.1-8b,"layers.0.mlp.gate_proj (14336, 4096)",-,-,heade0,mse,0.5502,0.5608,0.0356,0.0011,0.9633,20.2234,0.050118,0.205325,0.032367,0.542384,0.133562,0.256147,0.355934,0.049257,0.230858,0.006494,0.034025,0.030967,0.090823,0.19752
llama-3.1-8b,"layers.0.mlp.up_proj (14336, 4096)",-,-,heade0,mse,0.5507,0.549,0.0093,0.0012,0.9895,20.4318,0.049966,0.202546,0.008716,0.094704,0.014328,0.034573,0.090235,0.049836,0.203577,0.006611,0.025919,0.004774,0.018685,0.070961
llama-3.1-8b,"layers.0.mlp.down_proj (4096, 14336)",-,-,heade0,mse,0.5542,0.5612,0.0545,0.0014,0.9441,20.3357,0.026727,0.109319,0.042984,0.850701,0.450306,0.52819,0.603315,0.025734,0.148619,0.011637,0.08225,0.040851,0.127789,0.2656
llama-3.1-8b,"layers.1.self_attn.q_proj (4096, 4096)",-,-,heade0,mse,0.5174,0.5972,0.0379,0.0108,0.9513,19.0214,0.068235,0.735462,0.04242,0.245955,0.105226,0.193472,0.306092,0.047364,0.301532,0.011944,0.073645,0.018417,0.051571,0.123022
llama-3.1-8b,"layers.1.self_attn.k_proj (1024, 4096)",-,-,heade0,mse,0.4961,0.6405,0.038,0.0095,0.9525,17.3395,0.066719,0.711835,0.05181,0.256488,0.062337,0.121148,0.269903,0.047644,0.304754,0.024371,0.149097,0.012055,0.040782,0.134513
llama-3.1-8b,"layers.1.self_attn.v_proj (1024, 4096)",-,-,heade0,mse,0.536,0.5429,0.0042,0.0029,0.9929,19.8091,0.050071,0.200707,0.029207,0.131548,0.018685,0.045662,0.138295,0.049881,0.199241,0.02497,0.097941,0.008387,0.032453,0.117341
llama-3.1-8b,"layers.1.self_attn.o_proj (4096, 4096)",-,-,heade0,mse,0.5575,0.5728,0.0183,0.0029,0.9788,20.1978,0.05192,0.24959,0.058965,0.708736,0.258649,0.494021,0.690689,0.045768,0.350403,0.010024,0.119254,0.061183,0.196898,0.344232
llama-3.1-8b,"layers.1.mlp.gate_proj (14336, 4096)",-,-,heade0,mse,0.5591,0.5643,0.098,0.0007,0.9012,20.8508,0.049964,0.202789,0.081094,0.759857,0.268055,0.332719,0.392806,0.049496,0.219665,0.006382,0.031743,0.031378,0.09839,0.214388
llama-3.1-8b,"layers.1.mlp.up_proj (14336, 4096)",-,-,heade0,mse,0.5571,0.5612,0.0441,0.0008,0.9551,20.8138,0.04997,0.202604,0.032789,0.899033,0.386148,0.425873,0.468121,0.049678,0.21208,0.006573,0.030354,0.041066,0.151931,0.387417
llama-3.1-8b,"layers.1.mlp.down_proj (4096, 14336)",-,-,heade0,mse,0.5566,0.5546,0.0216,0.0023,0.9761,20.7555,0.026837,0.126015,0.023143,0.604947,0.157481,0.238888,0.310043,0.026268,0.123183,0.012174,0.059954,0.021301,0.06702,0.148805
llama-3.1-8b,"layers.2.self_attn.q_proj (4096, 4096)",-,-,heade0,mse,0.5335,0.5963,0.0561,0.0064,0.9375,19.6013,0.052125,0.378906,0.047943,0.295662,0.102698,0.144674,0.258267,0.048359,0.278347,0.012282,0.064691,0.006424,0.024913,0.090219
llama-3.1-8b,"layers.2.self_attn.k_proj (1024, 4096)",-,-,heade0,mse,0.5232,0.6223,0.065,0.0117,0.9233,19.0812,0.055305,0.537432,0.061412,0.33556,0.133246,0.178941,0.30461,0.048218,0.279946,0.024256,0.125825,0.010395,0.037288,0.128474
llama-3.1-8b,"layers.2.self_attn.v_proj (1024, 4096)",-,-,heade0,mse,0.5438,0.5428,0.0045,0.0026,0.993,20.1315,0.050019,0.202487,0.029173,0.114978,0.01006,0.038524,0.133861,0.049827,0.204006,0.024877,0.098811,0.00841,0.032805,0.118349
llama-3.1-8b,"layers.2.self_attn.o_proj (4096, 4096)",-,-,heade0,mse,0.5583,0.5577,0.0125,0.0032,0.9843,20.8361,0.0556,0.249318,0.069664,0.868772,0.499259,0.558453,0.641763,0.048713,0.235125,0.011689,0.065426,0.093009,0.243904,0.455241
llama-3.1-8b,"layers.2.mlp.gate_proj (14336, 4096)",-,-,heade0,mse,0.5608,0.5601,0.0261,0.0008,0.9731,20.9667,0.049971,0.2011,0.024103,0.291087,0.052176,0.104459,0.193601,0.049548,0.213364,0.00661,0.030322,0.007915,0.028809,0.090501
llama-3.1-8b,"layers.2.mlp.up_proj (14336, 4096)",-,-,heade0,mse,0.5582,0.5549,0.0162,0.0009,0.9829,20.8378,0.049989,0.20027,0.014435,0.143252,0.024839,0.053823,0.11777,0.049818,0.203531,0.006677,0.027442,0.006441,0.021447,0.075017
llama-3.1-8b,"layers.2.mlp.down_proj (4096, 14336)",-,-,heade0,mse,0.5593,0.5506,0.0185,0.0019,0.9796,20.8524,0.026824,0.129196,0.023365,0.63287,0.178784,0.222905,0.283931,0.026287,0.119454,0.012206,0.057542,0.015863,0.055806,0.138176
llama-3.1-8b,"layers.3.self_attn.q_proj (4096, 4096)",-,-,heade0,mse,0.5491,0.5624,0.0158,0.0028,0.9815,20.6694,0.051994,0.364587,0.023533,0.224054,0.0358,0.068888,0.148279,0.049465,0.215921,0.012476,0.050691,0.006028,0.023493,0.085794
llama-3.1-8b,"layers.3.self_attn.k_proj (1024, 4096)",-,-,heade0,mse,0.5452,0.559,0.0133,0.0037,0.983,20.5397,0.054398,0.535282,0.040877,0.20169,0.028517,0.07487,0.203383,0.049389,0.216919,0.024866,0.105328,0.008743,0.03351,0.119402
llama-3.1-8b,"layers.3.self_attn.v_proj (1024, 4096)",-,-,heade0,mse,0.5538,0.5478,0.0072,0.0021,0.9907,20.5857,0.050039,0.198812,0.031126,0.163143,0.028494,0.063044,0.165309,0.049715,0.205484,0.024731,0.098454,0.011239,0.035984,0.122034
llama-3.1-8b,"layers.3.self_attn.o_proj (4096, 4096)",-,-,heade0,mse,0.5659,0.5566,0.0135,0.0007,0.9857,21.1972,0.052919,0.218486,0.08232,0.836621,0.419812,0.458158,0.521248,0.049542,0.208039,0.011944,0.053463,0.134058,0.2116,0.357584
llama-3.1-8b,"layers.3.mlp.gate_proj (14336, 4096)",-,-,heade0,mse,0.5629,0.5655,0.0336,0.0007,0.9657,21.0468,0.049923,0.200667,0.029682,0.323262,0.063015,0.117689,0.22216,0.049308,0.222339,0.00654,0.02992,0.00937,0.033566,0.096698
llama-3.1-8b,"layers.3.mlp.up_proj (14336, 4096)",-,-,heade0,mse,0.5588,0.5564,0.0167,0.001,0.9823,20.8445,0.049933,0.200301,0.014717,0.138088,0.028066,0.058599,0.124626,0.049791,0.205242,0.006629,0.026854,0.005954,0.021672,0.076608
llama-3.1-8b,"layers.3.mlp.down_proj (4096, 14336)",-,-,heade0,mse,0.5582,0.5522,0.0189,0.0012,0.9799,20.8975,0.026874,0.126487,0.02218,0.572643,0.286037,0.313227,0.340957,0.026476,0.112398,0.012342,0.053471,0.048642,0.166105,0.270597
llama-3.1-8b,"layers.4.self_attn.q_proj (4096, 4096)",-,-,heade0,mse,0.5495,0.5728,0.0439,0.0028,0.9534,20.4403,0.051613,0.337091,0.040576,0.363327,0.104623,0.163894,0.30062,0.048145,0.271641,0.012012,0.075172,0.014224,0.041259,0.118528
llama-3.1-8b,"layers.4.self_attn.k_proj (1024, 4096)",-,-,heade0,mse,0.5462,0.5894,0.0539,0.0052,0.9409,20.2822,0.05253,0.409077,0.054362,0.397697,0.127505,0.187346,0.336606,0.047919,0.302601,0.024027,0.147142,0.009777,0.037891,0.133273
llama-3.1-8b,"layers.4.self_attn.v_proj (1024, 4096)",-,-,heade0,mse,0.5511,0.5439,0.0042,0.0022,0.9937,20.3782,0.050036,0.202418,0.030286,0.117409,0.011427,0.041128,0.139692,0.049857,0.202853,0.025001,0.102298,0.008312,0.032574,0.117874
llama-3.1-8b,"layers.4.self_attn.o_proj (4096, 4096)",-,-,heade0,mse,0.5623,0.5562,0.0041,0.0011,0.9948,21.1256,0.053055,0.224188,0.047373,0.682832,0.245718,0.330631,0.470634,0.048975,0.222354,0.011835,0.060126,0.08072,0.16057,0.267287
llama-3.1-8b,"layers.4.mlp.gate_proj (14336, 4096)",-,-,heade0,mse,0.5596,0.5679,0.0334,0.0009,0.9657,20.9715,0.049943,0.205245,0.028216,0.318664,0.062796,0.108473,0.196423,0.049382,0.224051,0.006604,0.031364,0.013033,0.030922,0.091027
llama-3.1-8b,"layers.4.mlp.up_proj (14336, 4096)",-,-,heade0,mse,0.5557,0.5608,0.0227,0.0015,0.9758,20.715,0.049917,0.202524,0.01913,0.17514,0.037104,0.074916,0.146164,0.049564,0.217224,0.006639,0.028272,0.006257,0.022832,0.077964
llama-3.1-8b,"layers.4.mlp.down_proj (4096, 14336)",-,-,heade0,mse,0.5566,0.5563,0.0303,0.0013,0.9684,20.8498,0.026829,0.124526,0.030909,0.712341,0.326983,0.358526,0.388093,0.026388,0.116995,0.012266,0.057385,0.076609,0.157663,0.281968
llama-3.1-8b,"layers.5.self_attn.q_proj (4096, 4096)",-,-,heade0,mse,0.5474,0.5764,0.0416,0.0045,0.9539,20.1652,0.051803,0.336714,0.039001,0.331365,0.089938,0.142737,0.274887,0.048221,0.274923,0.0122,0.064385,0.007196,0.026246,0.091872
llama-3.1-8b,"layers.5.self_attn.k_proj (1024, 4096)",-,-,heade0,mse,0.5481,0.6038,0.0773,0.0056,0.9171,19.7838,0.051749,0.307979,0.066793,0.525049,0.203858,0.318827,0.548396,0.045487,0.398416,0.022178,0.230229,0.01794,0.058639,0.1883
llama-3.1-8b,"layers.5.self_attn.v_proj (1024, 4096)",-,-,heade0,mse,0.5502,0.5457,0.006,0.0031,0.991,20.3568,0.050072,0.202568,0.027831,0.1901,0.078523,0.113899,0.202632,0.049841,0.204848,0.024895,0.101397,0.039113,0.08682,0.17678
llama-3.1-8b,"layers.5.self_attn.o_proj (4096, 4096)",-,-,heade0,mse,0.5626,0.5553,0.011,0.004,0.985,21.0996,0.057111,0.290029,0.039886,0.608735,0.215344,0.262836,0.350438,0.049514,0.210538,0.012296,0.051195,0.074673,0.139809,0.232835
llama-3.1-8b,"layers.5.mlp.gate_proj (14336, 4096)",-,-,heade0,mse,0.5604,0.5614,0.0201,0.0007,0.9792,20.9749,0.049981,0.204241,0.018106,0.231158,0.039677,0.078894,0.151606,0.049489,0.215234,0.00664,0.027622,0.010692,0.028302,0.084277
llama-3.1-8b,"layers.5.mlp.up_proj (14336, 4096)",-,-,heade0,mse,0.5566,0.5546,0.0181,0.001,0.9808,20.7417,0.049956,0.201629,0.015631,0.262926,0.038117,0.079054,0.144513,0.04973,0.209721,0.006624,0.026899,0.011745,0.030702,0.088003
llama-3.1-8b,"layers.5.mlp.down_proj (4096, 14336)",-,-,heade0,mse,0.5568,0.5548,0.0323,0.0015,0.9662,20.8335,0.026918,0.145082,0.032586,0.774706,0.267888,0.325233,0.374396,0.026388,0.115674,0.01221,0.056987,0.033396,0.095021,0.201959
llama-3.1-8b,"layers.6.self_attn.q_proj (4096, 4096)",-,-,heade0,mse,0.556,0.5521,0.0092,0.0015,0.9893,20.6797,0.050748,0.257725,0.023356,0.145218,0.018269,0.054978,0.145712,0.049023,0.229463,0.012339,0.053159,0.008159,0.026206,0.08895
llama-3.1-8b,"layers.6.self_attn.k_proj (1024, 4096)",-,-,heade0,mse,0.5541,0.5551,0.011,0.0029,0.9861,20.3617,0.05123,0.252982,0.037335,0.186478,0.02088,0.063016,0.189719,0.049271,0.231411,0.0248,0.110552,0.008888,0.034438,0.122646
llama-3.1-8b,"layers.6.self_attn.v_proj (1024, 4096)",-,-,heade0,mse,0.5511,0.544,0.0045,0.0022,0.9933,20.4165,0.050063,0.198652,0.028249,0.11106,0.009472,0.036769,0.13233,0.04997,0.199878,0.025045,0.101744,0.008484,0.032778,0.117539
llama-3.1-8b,"layers.6.self_attn.o_proj (4096, 4096)",-,-,heade0,mse,0.5648,0.5575,0.0102,0.0004,0.9894,21.2414,0.055073,0.221517,0.045422,0.770659,0.787438,0.795832,0.819637,0.049774,0.203414,0.012286,0.05098,0.718787,0.757176,0.787315
llama-3.1-8b,"layers.6.mlp.gate_proj (14336, 4096)",-,-,heade0,mse,0.5593,0.5583,0.0199,0.0007,0.9794,20.9412,0.049991,0.202463,0.018998,0.276777,0.041308,0.078923,0.154468,0.049578,0.213183,0.006666,0.027302,0.009501,0.027676,0.084756
llama-3.1-8b,"layers.6.mlp.up_proj (14336, 4096)",-,-,heade0,mse,0.5584,0.5522,0.0113,0.001,0.9877,20.8574,0.049987,0.200058,0.010865,0.131748,0.019869,0.04772,0.109413,0.049872,0.203892,0.006609,0.027023,0.005718,0.020761,0.074519
llama-3.1-8b,"layers.6.mlp.down_proj (4096, 14336)",-,-,heade0,mse,0.5563,0.5534,0.0418,0.0007,0.9575,20.8273,0.026857,0.121317,0.042407,0.82485,0.340099,0.362939,0.388352,0.026483,0.112758,0.012265,0.054835,0.036191,0.120617,0.24904
llama-3.1-8b,"layers.7.self_attn.q_proj (4096, 4096)",-,-,heade0,mse,0.5561,0.5491,0.0074,0.0017,0.9909,20.6909,0.050578,0.24343,0.020205,0.115562,0.015547,0.046149,0.129882,0.049463,0.217497,0.012471,0.051327,0.006974,0.025738,0.089204
llama-3.1-8b,"layers.7.self_attn.k_proj (1024, 4096)",-,-,heade0,mse,0.5574,0.5506,0.007,0.002,0.991,20.6584,0.050904,0.243071,0.033504,0.140518,0.015178,0.050395,0.162813,0.049712,0.213382,0.02493,0.104479,0.0085,0.033328,0.12021
llama-3.1-8b,"layers.7.self_attn.v_proj (1024, 4096)",-,-,heade0,mse,0.5505,0.5435,0.0045,0.0024,0.9932,20.3675,0.049955,0.203561,0.027351,0.11239,0.009787,0.036627,0.129293,0.049869,0.200656,0.024872,0.096712,0.008428,0.032697,0.118229
llama-3.1-8b,"layers.7.self_attn.o_proj (4096, 4096)",-,-,heade0,mse,0.5655,0.5558,0.0046,0.0007,0.9946,21.25,0.054389,0.226659,0.034751,0.652224,0.140937,0.204736,0.299264,0.049515,0.208611,0.012286,0.054758,0.021011,0.073113,0.184313
llama-3.1-8b,"layers.7.mlp.gate_proj (14336, 4096)",-,-,heade0,mse,0.5583,0.558,0.0186,0.0008,0.9807,20.9035,0.049989,0.206394,0.017568,0.217602,0.033557,0.066846,0.137534,0.049483,0.217256,0.006631,0.027585,0.007649,0.025132,0.079417
llama-3.1-8b,"layers.7.mlp.up_proj (14336, 4096)",-,-,heade0,mse,0.5556,0.5545,0.0154,0.0012,0.9834,20.6491,0.049925,0.201935,0.013478,0.147838,0.024433,0.058378,0.12945,0.049666,0.210708,0.006622,0.027872,0.005886,0.021877,0.076737
llama-3.1-8b,"layers.7.mlp.down_proj (4096, 14336)",-,-,heade0,mse,0.5514,0.5586,0.0625,0.0008,0.9367,20.6381,0.026916,0.126983,0.063479,0.890838,0.508613,0.532361,0.557031,0.026297,0.120114,0.012146,0.05873,0.061534,0.192888,0.369852
llama-3.1-8b,"layers.8.self_attn.q_proj (4096, 4096)",-,-,heade0,mse,0.5549,0.566,0.0518,0.0018,0.9464,20.3292,0.050648,0.240459,0.051733,0.502438,0.141414,0.251775,0.469668,0.047153,0.300965,0.011188,0.098036,0.014531,0.052969,0.158589
llama-3.1-8b,"layers.8.self_attn.k_proj (1024, 4096)",-,-,heade0,mse,0.5516,0.5872,0.0389,0.0042,0.9569,19.9404,0.05145,0.274718,0.050526,0.359407,0.090389,0.173514,0.34395,0.047076,0.31383,0.023571,0.160582,0.017002,0.061932,0.167652
llama-3.1-8b,"layers.8.self_attn.v_proj (1024, 4096)",-,-,heade0,mse,0.5442,0.5433,0.0057,0.0025,0.9918,19.9596,0.050087,0.201644,0.034525,0.143342,0.013711,0.047487,0.160722,0.049623,0.209708,0.025003,0.099005,0.008817,0.033242,0.119259
llama-3.1-8b,"layers.8.self_attn.o_proj (4096, 4096)",-,-,heade0,mse,0.5648,0.5557,0.0055,0.0006,0.9938,21.2664,0.057425,0.237034,0.038078,0.648655,0.588249,0.613221,0.670352,0.04952,0.208632,0.012139,0.053786,0.169932,0.444426,0.598061
llama-3.1-8b,"layers.8.mlp.gate_proj (14336, 4096)",-,-,heade0,mse,0.5573,0.5559,0.0195,0.0007,0.9799,20.8601,0.050041,0.204336,0.018488,0.204065,0.033842,0.069193,0.146487,0.049533,0.213821,0.006623,0.027078,0.008879,0.026176,0.082319
llama-3.1-8b,"layers.8.mlp.up_proj (14336, 4096)",-,-,heade0,mse,0.5568,0.5521,0.0156,0.001,0.9834,20.7298,0.049905,0.202385,0.013728,0.227381,0.027977,0.074589,0.160427,0.049747,0.209732,0.006596,0.027839,0.010644,0.035164,0.095165
llama-3.1-8b,"layers.8.mlp.down_proj (4096, 14336)",-,-,heade0,mse,0.5526,0.5546,0.0575,0.0009,0.9416,20.6921,0.027037,0.152464,0.05826,0.909275,0.510302,0.540544,0.57328,0.026278,0.118473,0.012119,0.058353,0.056593,0.167684,0.378604
llama-3.1-8b,"layers.9.self_attn.q_proj (4096, 4096)",-,-,heade0,mse,0.5551,0.5497,0.0092,0.0016,0.9893,20.5897,0.050646,0.246687,0.025586,0.144664,0.018957,0.056451,0.155666,0.04903,0.228593,0.012457,0.050794,0.00653,0.024557,0.087541
llama-3.1-8b,"layers.9.self_attn.k_proj (1024, 4096)",-,-,heade0,mse,0.5528,0.5551,0.0088,0.0042,0.9871,20.5273,0.05222,0.337334,0.035874,0.182433,0.03122,0.078267,0.203219,0.049239,0.227876,0.024736,0.112923,0.009868,0.037018,0.126601
llama-3.1-8b,"layers.9.self_attn.v_proj (1024, 4096)",-,-,heade0,mse,0.5451,0.5458,0.0046,0.0021,0.9934,20.0914,0.050017,0.201616,0.043191,0.174746,0.014934,0.056692,0.194727,0.049285,0.222109,0.024877,0.102671,0.008387,0.032963,0.119353
llama-3.1-8b,"layers.9.self_attn.o_proj (4096, 4096)",-,-,heade0,mse,0.5666,0.5572,0.0046,0.0011,0.9943,21.2687,0.066402,0.288352,0.037336,0.578313,0.14729,0.197957,0.331143,0.049436,0.212422,0.012248,0.052655,0.029467,0.072266,0.172145
llama-3.1-8b,"layers.9.mlp.gate_proj (14336, 4096)",-,-,heade0,mse,0.5569,0.5609,0.0275,0.0008,0.9717,20.8138,0.050049,0.208365,0.024993,0.256538,0.047043,0.088944,0.166136,0.049362,0.220615,0.006621,0.030301,0.006211,0.023115,0.081438
llama-3.1-8b,"layers.9.mlp.up_proj (14336, 4096)",-,-,heade0,mse,0.5552,0.5559,0.0194,0.0012,0.9794,20.6362,0.049937,0.202099,0.016778,0.158194,0.033327,0.068838,0.13663,0.049638,0.211545,0.006635,0.028482,0.009045,0.024271,0.077733
llama-3.1-8b,"layers.9.mlp.down_proj (4096, 14336)",-,-,heade0,mse,0.5524,0.552,0.0576,0.0006,0.9418,20.6926,0.026862,0.12333,0.063782,0.868,0.532428,0.546674,0.564315,0.026341,0.116606,0.012165,0.056916,0.123335,0.248468,0.396787
llama-3.1-8b,"layers.10.self_attn.q_proj (4096, 4096)",-,-,heade0,mse,0.549,0.5619,0.0368,0.002,0.9611,20.0206,0.050257,0.219673,0.037424,0.356094,0.092853,0.154894,0.29258,0.047589,0.290893,0.01191,0.085315,0.010987,0.036964,0.113293
llama-3.1-8b,"layers.10.self_attn.k_proj (1024, 4096)",-,-,heade0,mse,0.5453,0.595,0.0656,0.0054,0.929,19.5819,0.051485,0.295794,0.061623,0.422091,0.127543,0.193081,0.361191,0.047078,0.349383,0.023705,0.151492,0.011991,0.045999,0.149363
llama-3.1-8b,"layers.10.self_attn.v_proj (1024, 4096)",-,-,heade0,mse,0.5386,0.5447,0.0052,0.0026,0.9922,19.9138,0.050097,0.202577,0.034267,0.138921,0.011555,0.045017,0.156595,0.04974,0.203473,0.024931,0.101737,0.008348,0.032401,0.117576
llama-3.1-8b,"layers.10.self_attn.o_proj (4096, 4096)",-,-,heade0,mse,0.5651,0.556,0.0027,0.0006,0.9967,21.2329,0.060429,0.250623,0.034042,0.692055,0.477648,0.502444,0.576757,0.049641,0.206755,0.012405,0.056093,0.142296,0.394009,0.497487
llama-3.1-8b,"layers.10.mlp.gate_proj (14336, 4096)",-,-,heade0,mse,0.5591,0.5568,0.025,0.0006,0.9744,20.8562,0.049988,0.202423,0.023228,0.227453,0.042714,0.079241,0.15958,0.049468,0.21583,0.006647,0.028376,0.006044,0.022359,0.078029
llama-3.1-8b,"layers.10.mlp.up_proj (14336, 4096)",-,-,heade0,mse,0.5581,0.5519,0.0103,0.0009,0.9888,20.8142,0.049971,0.201304,0.010005,0.109521,0.016553,0.04269,0.103633,0.04985,0.20401,0.006605,0.026335,0.005113,0.019837,0.073166
llama-3.1-8b,"layers.10.mlp.down_proj (4096, 14336)",-,-,heade0,mse,0.5547,0.5478,0.0542,0.0005,0.9453,20.8222,0.026831,0.117766,0.056424,0.887758,0.516744,0.526541,0.540473,0.026471,0.112207,0.012266,0.05618,0.044965,0.171599,0.376823
llama-3.1-8b,"layers.11.self_attn.q_proj (4096, 4096)",-,-,heade0,mse,0.5555,0.5467,0.0068,0.0012,0.992,20.6562,0.050378,0.222301,0.020534,0.09054,0.012594,0.038069,0.117538,0.049409,0.214621,0.012472,0.048649,0.006132,0.023103,0.085228
llama-3.1-8b,"layers.11.self_attn.k_proj (1024, 4096)",-,-,heade0,mse,0.5504,0.5595,0.0129,0.0033,0.9838,20.3537,0.051217,0.269605,0.037602,0.218487,0.034107,0.084946,0.216527,0.049113,0.237829,0.024918,0.116412,0.015373,0.042828,0.132132
llama-3.1-8b,"layers.11.self_attn.v_proj (1024, 4096)",-,-,heade0,mse,0.5501,0.5454,0.0044,0.0022,0.9934,20.4034,0.050039,0.20357,0.026766,0.108288,0.011881,0.039544,0.130405,0.049795,0.19994,0.024768,0.098708,0.008651,0.032952,0.117242
llama-3.1-8b,"layers.11.self_attn.o_proj (4096, 4096)",-,-,heade0,mse,0.5616,0.5528,0.0065,0.0024,0.9911,20.9495,0.058541,0.245157,0.037989,0.545548,0.141176,0.217176,0.322787,0.0495,0.212059,0.012293,0.054,0.048263,0.104534,0.182971
llama-3.1-8b,"layers.11.mlp.gate_proj (14336, 4096)",-,-,heade0,mse,0.5563,0.5583,0.0344,0.0009,0.9646,20.6607,0.050013,0.207008,0.031671,0.296937,0.060185,0.107143,0.205264,0.049104,0.231251,0.006599,0.029204,0.008726,0.030847,0.09318
llama-3.1-8b,"layers.11.mlp.up_proj (14336, 4096)",-,-,heade0,mse,0.5553,0.5522,0.0147,0.001,0.9843,20.6837,0.049897,0.201052,0.013312,0.14515,0.022328,0.056609,0.121888,0.049822,0.206657,0.006633,0.026074,0.009111,0.026395,0.079832
llama-3.1-8b,"layers.11.mlp.down_proj (4096, 14336)",-,-,heade0,mse,0.551,0.5474,0.0569,0.0007,0.9424,20.5866,0.026964,0.137244,0.071042,0.891331,0.466893,0.487327,0.51,0.026322,0.117559,0.012161,0.058334,0.081538,0.164251,0.299094
llama-3.1-8b,"layers.12.self_attn.q_proj (4096, 4096)",-,-,heade0,mse,0.5568,0.5477,0.0064,0.0017,0.992,20.7118,0.050502,0.22688,0.018419,0.114203,0.017187,0.048752,0.12862,0.04959,0.212186,0.012399,0.050605,0.007208,0.025924,0.088553
llama-3.1-8b,"layers.12.self_attn.k_proj (1024, 4096)",-,-,heade0,mse,0.5611,0.5504,0.0061,0.0024,0.9915,20.9287,0.051212,0.266254,0.031233,0.144516,0.018696,0.052736,0.154908,0.049704,0.207944,0.024883,0.10185,0.009035,0.033589,0.119618
llama-3.1-8b,"layers.12.self_attn.v_proj (1024, 4096)",-,-,heade0,mse,0.5495,0.5441,0.0043,0.0025,0.9932,20.3578,0.050153,0.19941,0.028615,0.112285,0.01016,0.038317,0.132963,0.049854,0.200646,0.024886,0.099597,0.008241,0.031964,0.117041
llama-3.1-8b,"layers.12.self_attn.o_proj (4096, 4096)",-,-,heade0,mse,0.5673,0.5585,0.0077,0.0004,0.9919,21.3548,0.052649,0.210731,0.02146,0.328003,0.371596,0.407961,0.471067,0.049659,0.20426,0.012282,0.050161,0.18867,0.32477,0.419966
llama-3.1-8b,"layers.12.mlp.gate_proj (14336, 4096)",-,-,heade0,mse,0.5557,0.5672,0.0569,0.0013,0.9418,20.5742,0.050093,0.217317,0.045694,0.396,0.109898,0.175518,0.299434,0.048674,0.25215,0.006372,0.039649,0.009512,0.035188,0.106667
llama-3.1-8b,"layers.12.mlp.up_proj (14336, 4096)",-,-,heade0,mse,0.5532,0.554,0.0167,0.0015,0.9817,20.5695,0.049951,0.207497,0.014189,0.204515,0.03919,0.086974,0.165382,0.049648,0.212405,0.006656,0.028773,0.016448,0.039009,0.095168
llama-3.1-8b,"layers.12.mlp.down_proj (4096, 14336)",-,-,heade0,mse,0.5468,0.5505,0.0475,0.0008,0.9517,20.3527,0.02693,0.126047,0.063696,0.851719,0.585078,0.610809,0.636512,0.026212,0.123285,0.012073,0.061772,0.128181,0.339823,0.499034
llama-3.1-8b,"layers.13.self_attn.q_proj (4096, 4096)",-,-,heade0,mse,0.5545,0.5439,0.0059,0.0009,0.9931,20.5182,0.050172,0.206181,0.020607,0.089133,0.010196,0.034415,0.114772,0.049448,0.215151,0.012479,0.048701,0.005835,0.022621,0.084297
llama-3.1-8b,"layers.13.self_attn.k_proj (1024, 4096)",-,-,heade0,mse,0.5527,0.5683,0.0163,0.007,0.9767,20.342,0.052418,0.331173,0.036363,0.237999,0.059323,0.115365,0.256427,0.048516,0.2593,0.02428,0.129723,0.016121,0.043856,0.135706
llama-3.1-8b,"layers.13.self_attn.v_proj (1024, 4096)",-,-,heade0,mse,0.554,0.5467,0.0052,0.002,0.9927,20.6153,0.049983,0.204052,0.027108,0.115882,0.015301,0.04331,0.134224,0.049892,0.200146,0.024967,0.097997,0.008669,0.032816,0.118312
llama-3.1-8b,"layers.13.self_attn.o_proj (4096, 4096)",-,-,heade0,mse,0.5652,0.5573,0.0024,0.0005,0.9971,21.284,0.056462,0.230941,0.019243,0.410965,0.570017,0.585353,0.634726,0.049774,0.201351,0.012314,0.052048,0.312284,0.499139,0.59562
llama-3.1-8b,"layers.13.mlp.gate_proj (14336, 4096)",-,-,heade0,mse,0.5542,0.5711,0.0771,0.0013,0.9216,20.5016,0.050071,0.21154,0.062745,0.483035,0.151899,0.255322,0.430999,0.048285,0.261817,0.006092,0.049949,0.024841,0.059309,0.141057
llama-3.1-8b,"layers.13.mlp.up_proj (14336, 4096)",-,-,heade0,mse,0.5529,0.5538,0.0147,0.0014,0.9839,20.5449,0.049904,0.204338,0.013399,0.130982,0.023904,0.05599,0.121178,0.049718,0.21147,0.006609,0.02642,0.010419,0.02505,0.078536
llama-3.1-8b,"layers.13.mlp.down_proj (4096, 14336)",-,-,heade0,mse,0.5515,0.5472,0.0241,0.0008,0.975,20.602,0.026834,0.114569,0.032166,0.629077,0.26105,0.296307,0.333308,0.026403,0.114913,0.012317,0.054687,0.073954,0.170501,0.226236
llama-3.1-8b,"layers.14.self_attn.q_proj (4096, 4096)",-,-,heade0,mse,0.5505,0.5665,0.0529,0.0028,0.9443,20.0668,0.050227,0.220731,0.043113,0.404979,0.138626,0.209021,0.362721,0.047584,0.300253,0.011798,0.083157,0.012401,0.040435,0.121385
llama-3.1-8b,"layers.14.self_attn.k_proj (1024, 4096)",-,-,heade0,mse,0.5445,0.6036,0.0649,0.0071,0.928,19.6411,0.05173,0.307733,0.062555,0.452377,0.133457,0.205314,0.364813,0.046497,0.351696,0.023402,0.178843,0.011551,0.043993,0.144367
llama-3.1-8b,"layers.14.self_attn.v_proj (1024, 4096)",-,-,heade0,mse,0.5382,0.5666,0.0185,0.005,0.9765,19.873,0.050431,0.235773,0.031742,0.167769,0.035193,0.066223,0.162327,0.04958,0.217852,0.024845,0.102158,0.008529,0.033326,0.121157
llama-3.1-8b,"layers.14.self_attn.o_proj (4096, 4096)",-,-,heade0,mse,0.5624,0.5531,0.0055,0.0016,0.9929,21.0163,0.056711,0.262059,0.026714,0.427108,0.09895,0.146493,0.269684,0.049424,0.212901,0.012248,0.05314,0.015311,0.052873,0.135984
llama-3.1-8b,"layers.14.mlp.gate_proj (14336, 4096)",-,-,heade0,mse,0.5518,0.5708,0.0617,0.0017,0.9366,20.2866,0.050109,0.217626,0.054755,0.426653,0.125635,0.234331,0.412055,0.048073,0.276299,0.006054,0.048617,0.039023,0.092987,0.168859
llama-3.1-8b,"layers.14.mlp.up_proj (14336, 4096)",-,-,heade0,mse,0.5521,0.5505,0.0121,0.0014,0.9864,20.5089,0.049918,0.204003,0.010928,0.191379,0.029303,0.073683,0.142396,0.049746,0.207149,0.006638,0.027383,0.014709,0.039991,0.096714
llama-3.1-8b,"layers.14.mlp.down_proj (4096, 14336)",-,-,heade0,mse,0.5506,0.5452,0.0184,0.0011,0.9806,20.5216,0.02687,0.1167,0.026186,0.540903,0.191214,0.227194,0.263818,0.026481,0.114405,0.012349,0.054613,0.087602,0.124353,0.174198
llama-3.1-8b,"layers.15.self_attn.q_proj (4096, 4096)",-,-,heade0,mse,0.5556,0.5522,0.016,0.0013,0.9826,20.5656,0.050272,0.214651,0.032877,0.385977,0.063987,0.141908,0.29071,0.048067,0.26005,0.011992,0.066975,0.016153,0.049823,0.134635
llama-3.1-8b,"layers.15.self_attn.k_proj (1024, 4096)",-,-,heade0,mse,0.5516,0.5603,0.0099,0.007,0.983,20.2039,0.052752,0.354893,0.0337,0.221744,0.041929,0.097813,0.235187,0.048942,0.249606,0.024653,0.126981,0.012673,0.041836,0.132144
llama-3.1-8b,"layers.15.self_attn.v_proj (1024, 4096)",-,-,heade0,mse,0.5289,0.5628,0.0098,0.0047,0.9855,19.3717,0.050935,0.268751,0.030318,0.143258,0.028927,0.066597,0.170029,0.049557,0.219535,0.024857,0.105717,0.013347,0.041645,0.129262
llama-3.1-8b,"layers.15.self_attn.o_proj (4096, 4096)",-,-,heade0,mse,0.5656,0.5577,0.0018,0.0005,0.9977,21.3284,0.063497,0.268456,0.035848,0.818799,0.635458,0.65474,0.710031,0.049502,0.207559,0.012092,0.052323,0.349312,0.482159,0.644321
llama-3.1-8b,"layers.15.mlp.gate_proj (14336, 4096)",-,-,heade0,mse,0.5572,0.5676,0.0552,0.0013,0.9435,20.5649,0.050102,0.210233,0.047971,0.451804,0.11259,0.205519,0.366798,0.04829,0.261015,0.006152,0.043804,0.016357,0.051424,0.13281
llama-3.1-8b,"layers.15.mlp.up_proj (14336, 4096)",-,-,heade0,mse,0.5539,0.5489,0.0093,0.0011,0.9896,20.6131,0.049911,0.201206,0.009205,0.140975,0.018467,0.044814,0.106076,0.049788,0.204364,0.006697,0.026936,0.006829,0.023032,0.076691
llama-3.1-8b,"layers.15.mlp.down_proj (4096, 14336)",-,-,heade0,mse,0.5524,0.5483,0.0257,0.0009,0.9734,20.6508,0.02683,0.11538,0.033656,0.613518,0.282551,0.314857,0.346207,0.026443,0.114462,0.012322,0.053958,0.07231,0.186489,0.253451
llama-3.1-8b,"layers.16.self_attn.q_proj (4096, 4096)",-,-,heade0,mse,0.5567,0.5578,0.0278,0.0019,0.9704,20.4925,0.050379,0.221048,0.03401,0.453457,0.098344,0.205621,0.380059,0.048209,0.26429,0.011771,0.0911,0.011476,0.042417,0.139082
llama-3.1-8b,"layers.16.self_attn.k_proj (1024, 4096)",-,-,heade0,mse,0.5548,0.5667,0.0137,0.0077,0.9786,20.3711,0.052234,0.348294,0.038477,0.225267,0.050672,0.108352,0.258801,0.048315,0.272243,0.02423,0.134239,0.011554,0.041185,0.135438
llama-3.1-8b,"layers.16.self_attn.v_proj (1024, 4096)",-,-,heade0,mse,0.54,0.5855,0.0238,0.0085,0.9676,19.7914,0.051771,0.300381,0.032769,0.200788,0.05652,0.097311,0.212923,0.04912,0.244959,0.024597,0.113766,0.010821,0.037553,0.126095
llama-3.1-8b,"layers.16.self_attn.o_proj (4096, 4096)",-,-,heade0,mse,0.5668,0.5588,0.0085,0.0003,0.9911,21.3845,0.058058,0.241805,0.024842,0.422683,0.78055,0.793163,0.824811,0.049594,0.205432,0.012349,0.052956,0.396373,0.728391,0.793289
llama-3.1-8b,"layers.16.mlp.gate_proj (14336, 4096)",-,-,heade0,mse,0.5594,0.5592,0.0229,0.001,0.9761,20.7768,0.049966,0.206729,0.026008,0.25929,0.045575,0.093679,0.205887,0.048872,0.233726,0.00648,0.031292,0.008049,0.029243,0.093183
llama-3.1-8b,"layers.16.mlp.up_proj (14336, 4096)",-,-,heade0,mse,0.5569,0.5491,0.0078,0.001,0.9912,20.7959,0.049969,0.200591,0.008358,0.096912,0.015128,0.038717,0.096126,0.049871,0.201117,0.006657,0.025707,0.009593,0.026171,0.079292
llama-3.1-8b,"layers.16.mlp.down_proj (4096, 14336)",-,-,heade0,mse,0.5563,0.5527,0.0182,0.001,0.9808,20.8001,0.026777,0.1146,0.025118,0.466562,0.263264,0.299419,0.330913,0.026453,0.113213,0.012337,0.052958,0.113974,0.212028,0.253045
llama-3.1-8b,"layers.17.self_attn.q_proj (4096, 4096)",-,-,heade0,mse,0.56,0.549,0.007,0.0014,0.9917,20.786,0.050452,0.223856,0.021428,0.114886,0.017606,0.045203,0.130027,0.049252,0.224142,0.012396,0.050212,0.005874,0.022931,0.085662
llama-3.1-8b,"layers.17.self_attn.k_proj (1024, 4096)",-,-,heade0,mse,0.5527,0.5673,0.0141,0.0089,0.977,20.1987,0.05297,0.361402,0.036839,0.253638,0.07366,0.148608,0.325601,0.048016,0.295359,0.023974,0.138789,0.014569,0.047065,0.147377
llama-3.1-8b,"layers.17.self_attn.v_proj (1024, 4096)",-,-,heade0,mse,0.5518,0.5448,0.0046,0.0022,0.9932,20.5289,0.050114,0.2015,0.028412,0.115227,0.009998,0.038287,0.133464,0.049728,0.202172,0.024717,0.097389,0.008349,0.03196,0.117137
llama-3.1-8b,"layers.17.self_attn.o_proj (4096, 4096)",-,-,heade0,mse,0.5648,0.5549,0.002,0.0006,0.9974,21.2507,0.068635,0.28531,0.049673,0.883748,0.564199,0.589597,0.677504,0.049479,0.209945,0.012206,0.051836,0.111232,0.370622,0.568034
llama-3.1-8b,"layers.17.mlp.gate_proj (14336, 4096)",-,-,heade0,mse,0.5611,0.5613,0.0277,0.0009,0.9714,20.8469,0.050035,0.203139,0.028878,0.262351,0.049543,0.099734,0.213007,0.048818,0.238671,0.006552,0.032449,0.011887,0.033489,0.094885
llama-3.1-8b,"layers.17.mlp.up_proj (14336, 4096)",-,-,heade0,mse,0.5584,0.551,0.0093,0.0009,0.9898,20.8815,0.049947,0.200347,0.009333,0.173073,0.025389,0.055196,0.11941,0.04983,0.20395,0.006667,0.02672,0.012255,0.028062,0.081997
llama-3.1-8b,"layers.17.mlp.down_proj (4096, 14336)",-,-,heade0,mse,0.5567,0.5535,0.0188,0.0012,0.9799,20.7815,0.026799,0.114667,0.0257,0.480755,0.279562,0.355514,0.399518,0.026353,0.11687,0.012229,0.056163,0.121975,0.204619,0.281345
llama-3.1-8b,"layers.18.self_attn.q_proj (4096, 4096)",-,-,heade0,mse,0.5586,0.5499,0.0074,0.0018,0.9908,20.8389,0.050934,0.251291,0.019859,0.157922,0.026223,0.055928,0.136129,0.049407,0.216055,0.012377,0.050684,0.00576,0.022727,0.084958
llama-3.1-8b,"layers.18.self_attn.k_proj (1024, 4096)",-,-,heade0,mse,0.5495,0.5712,0.0162,0.0087,0.9751,20.0596,0.053335,0.355306,0.033145,0.200198,0.043953,0.09562,0.232451,0.048821,0.257131,0.024642,0.129255,0.010193,0.038549,0.131465
llama-3.1-8b,"layers.18.self_attn.v_proj (1024, 4096)",-,-,heade0,mse,0.5305,0.5866,0.0185,0.0107,0.9707,19.4014,0.052887,0.303786,0.030335,0.149348,0.041587,0.077542,0.186818,0.049284,0.233778,0.024607,0.111884,0.008764,0.033555,0.121318
llama-3.1-8b,"layers.18.self_attn.o_proj (4096, 4096)",-,-,heade0,mse,0.5678,0.5587,0.0085,0.0005,0.991,21.307,0.062453,0.282043,0.053629,0.710174,0.784965,0.804041,0.839459,0.049491,0.209545,0.012236,0.059832,0.664859,0.751076,0.782635
llama-3.1-8b,"layers.18.mlp.gate_proj (14336, 4096)",-,-,heade0,mse,0.5617,0.5586,0.0255,0.0006,0.9739,20.9978,0.049969,0.199968,0.026707,0.336886,0.055804,0.116179,0.210219,0.049192,0.225849,0.006557,0.03116,0.013394,0.044229,0.1043
llama-3.1-8b,"layers.18.mlp.up_proj (14336, 4096)",-,-,heade0,mse,0.5606,0.5524,0.0079,0.0006,0.9914,20.9903,0.049994,0.198456,0.008581,0.111644,0.015684,0.034423,0.089403,0.049942,0.199121,0.006671,0.027428,0.005182,0.019685,0.072632
llama-3.1-8b,"layers.18.mlp.down_proj (4096, 14336)",-,-,heade0,mse,0.5618,0.5533,0.0129,0.0007,0.9864,21.108,0.026748,0.112633,0.022895,0.487088,0.229369,0.268741,0.293814,0.026527,0.110126,0.012356,0.052223,0.121742,0.173248,0.218655
llama-3.1-8b,"layers.19.self_attn.q_proj (4096, 4096)",-,-,heade0,mse,0.559,0.5527,0.0088,0.002,0.9892,20.8402,0.050913,0.27113,0.021066,0.165689,0.027107,0.0616,0.146751,0.04929,0.220989,0.012409,0.05275,0.011365,0.029547,0.09296
llama-3.1-8b,"layers.19.self_attn.k_proj (1024, 4096)",-,-,heade0,mse,0.5498,0.5693,0.0188,0.008,0.9732,20.2985,0.052964,0.349879,0.035996,0.253643,0.059089,0.114783,0.247952,0.048878,0.25821,0.024538,0.120419,0.010021,0.03844,0.131021
llama-3.1-8b,"layers.19.self_attn.v_proj (1024, 4096)",-,-,heade0,mse,0.5411,0.5594,0.0096,0.006,0.9845,20.0205,0.051892,0.266277,0.028313,0.120429,0.020484,0.053985,0.153025,0.049647,0.210973,0.024801,0.10078,0.00906,0.033888,0.120267
llama-3.1-8b,"layers.19.self_attn.o_proj (4096, 4096)",-,-,heade0,mse,0.5651,0.5543,0.0236,0.0005,0.9758,21.1375,0.053885,0.216564,0.047604,0.906947,0.626117,0.642955,0.677396,0.049687,0.204456,0.012221,0.052976,0.339303,0.512143,0.628594
llama-3.1-8b,"layers.19.mlp.gate_proj (14336, 4096)",-,-,heade0,mse,0.5626,0.5593,0.0306,0.0005,0.9689,21.0052,0.04991,0.199201,0.029671,0.344712,0.065775,0.1276,0.225842,0.049197,0.227092,0.006516,0.029058,0.013365,0.042373,0.114952
llama-3.1-8b,"layers.19.mlp.up_proj (14336, 4096)",-,-,heade0,mse,0.5607,0.5514,0.0076,0.0005,0.9919,20.9886,0.049959,0.197731,0.008298,0.088973,0.01373,0.035068,0.089912,0.049904,0.20015,0.006683,0.026027,0.006068,0.021924,0.074672
llama-3.1-8b,"layers.19.mlp.down_proj (4096, 14336)",-,-,heade0,mse,0.5623,0.5527,0.0099,0.0009,0.9892,21.0851,0.026763,0.11665,0.0179,0.391626,0.207171,0.272391,0.299671,0.026538,0.109365,0.012372,0.051848,0.109987,0.177829,0.240707
llama-3.1-8b,"layers.20.self_attn.q_proj (4096, 4096)",-,-,heade0,mse,0.5597,0.5521,0.0081,0.0023,0.9896,20.8916,0.051076,0.269206,0.019981,0.16158,0.029371,0.061195,0.142218,0.049372,0.215832,0.012402,0.051689,0.007157,0.024588,0.087652
llama-3.1-8b,"layers.20.self_attn.k_proj (1024, 4096)",-,-,heade0,mse,0.542,0.5953,0.0316,0.0126,0.9558,19.8632,0.05426,0.362694,0.040368,0.2381,0.080026,0.1339,0.277452,0.04839,0.280533,0.024427,0.147769,0.010725,0.040058,0.13502
llama-3.1-8b,"layers.20.self_attn.v_proj (1024, 4096)",-,-,heade0,mse,0.5406,0.5583,0.0107,0.0039,0.9854,19.9181,0.050618,0.224355,0.029062,0.125205,0.018764,0.047787,0.145683,0.049868,0.206884,0.02517,0.099331,0.008752,0.03339,0.119124
llama-3.1-8b,"layers.20.self_attn.o_proj (4096, 4096)",-,-,heade0,mse,0.5679,0.5586,0.0086,0.0003,0.9911,21.3618,0.052871,0.216943,0.041267,0.702073,0.711999,0.737162,0.76749,0.049493,0.207903,0.012192,0.055446,0.609864,0.658549,0.71312
llama-3.1-8b,"layers.20.mlp.gate_proj (14336, 4096)",-,-,heade0,mse,0.5651,0.5598,0.0261,0.0004,0.9736,21.1598,0.049956,0.197656,0.026238,0.340802,0.05515,0.117844,0.205314,0.049409,0.215306,0.006577,0.030188,0.011633,0.036637,0.10187
llama-3.1-8b,"layers.20.mlp.up_proj (14336, 4096)",-,-,heade0,mse,0.5623,0.5524,0.0084,0.0004,0.9912,21.0521,0.049966,0.197183,0.009074,0.142685,0.017642,0.041119,0.09538,0.049881,0.200006,0.00665,0.026258,0.005402,0.020025,0.07318
llama-3.1-8b,"layers.20.mlp.down_proj (4096, 14336)",-,-,heade0,mse,0.5622,0.5519,0.0103,0.0008,0.9889,21.0921,0.02679,0.116302,0.018389,0.414921,0.149532,0.200809,0.227028,0.026559,0.109405,0.012388,0.051568,0.034202,0.089863,0.159231
llama-3.1-8b,"layers.21.self_attn.q_proj (4096, 4096)",-,-,heade0,mse,0.5597,0.554,0.01,0.0024,0.9876,20.8714,0.050873,0.272293,0.021872,0.249971,0.041772,0.084802,0.168172,0.049391,0.219577,0.012327,0.053166,0.007025,0.02506,0.08877
llama-3.1-8b,"layers.21.self_attn.k_proj (1024, 4096)",-,-,heade0,mse,0.5523,0.5685,0.0131,0.0119,0.975,20.1993,0.055032,0.40627,0.032706,0.19909,0.056476,0.118594,0.267101,0.048724,0.264002,0.024386,0.131429,0.011191,0.038265,0.128954
llama-3.1-8b,"layers.21.self_attn.v_proj (1024, 4096)",-,-,heade0,mse,0.5443,0.5606,0.0103,0.0066,0.9831,19.829,0.050715,0.25038,0.029016,0.150496,0.031759,0.076574,0.197722,0.04926,0.237244,0.024547,0.116669,0.010424,0.038057,0.128586
llama-3.1-8b,"layers.21.self_attn.o_proj (4096, 4096)",-,-,heade0,mse,0.5671,0.5579,0.0054,0.0007,0.9939,21.2719,0.053113,0.215429,0.027901,0.472753,0.081597,0.226905,0.388537,0.049309,0.210556,0.0119,0.056752,0.025235,0.065845,0.179726
llama-3.1-8b,"layers.21.mlp.gate_proj (14336, 4096)",-,-,heade0,mse,0.5656,0.5635,0.0408,0.0005,0.9587,21.1507,0.049927,0.198713,0.036552,0.413204,0.082417,0.156217,0.286558,0.049178,0.226586,0.006494,0.037865,0.016015,0.048817,0.127379
llama-3.1-8b,"layers.21.mlp.up_proj (14336, 4096)",-,-,heade0,mse,0.5631,0.5553,0.0102,0.0006,0.9893,21.1213,0.049981,0.197001,0.010086,0.135505,0.021846,0.048243,0.106523,0.049871,0.198803,0.006646,0.025964,0.006783,0.024398,0.077762
llama-3.1-8b,"layers.21.mlp.down_proj (4096, 14336)",-,-,heade0,mse,0.562,0.5531,0.0088,0.001,0.9902,21.1165,0.026791,0.12177,0.017097,0.361547,0.199672,0.256583,0.285601,0.026549,0.111228,0.012394,0.052965,0.13693,0.180458,0.221802
llama-3.1-8b,"layers.22.self_attn.q_proj (4096, 4096)",-,-,heade0,mse,0.5571,0.5526,0.0097,0.0031,0.9872,20.7849,0.051313,0.300163,0.02006,0.238303,0.039491,0.0778,0.156072,0.049506,0.213445,0.012478,0.051576,0.006524,0.024418,0.087406
llama-3.1-8b,"layers.22.self_attn.k_proj (1024, 4096)",-,-,heade0,mse,0.5468,0.5887,0.0266,0.013,0.9605,19.9673,0.054739,0.405356,0.035821,0.271137,0.081268,0.143462,0.288133,0.048346,0.280545,0.024332,0.140528,0.010373,0.03888,0.131422
llama-3.1-8b,"layers.22.self_attn.v_proj (1024, 4096)",-,-,heade0,mse,0.542,0.5567,0.0084,0.0059,0.9857,19.8988,0.050954,0.232202,0.027203,0.119153,0.021223,0.056185,0.162656,0.049544,0.218868,0.024642,0.107701,0.010528,0.035671,0.121682
llama-3.1-8b,"layers.22.self_attn.o_proj (4096, 4096)",-,-,heade0,mse,0.5671,0.5567,0.0067,0.0007,0.9926,21.3786,0.051576,0.20962,0.024083,0.444634,0.248266,0.30808,0.366545,0.049781,0.200185,0.012257,0.05009,0.074727,0.164642,0.304756
llama-3.1-8b,"layers.22.mlp.gate_proj (14336, 4096)",-,-,heade0,mse,0.5658,0.5611,0.0298,0.0003,0.9698,21.2435,0.049945,0.19811,0.027518,0.395832,0.067044,0.135854,0.22599,0.049413,0.215312,0.00653,0.031983,0.011726,0.042804,0.116554
llama-3.1-8b,"layers.22.mlp.up_proj (14336, 4096)",-,-,heade0,mse,0.5659,0.5565,0.0077,0.0004,0.9919,21.2601,0.049956,0.19758,0.008474,0.082349,0.012622,0.030473,0.08452,0.049931,0.199081,0.006676,0.026035,0.004784,0.018815,0.071217
llama-3.1-8b,"layers.22.mlp.down_proj (4096, 14336)",-,-,heade0,mse,0.5642,0.5511,0.0068,0.0007,0.9925,21.1698,0.026728,0.114719,0.015123,0.285891,0.131956,0.158347,0.184302,0.026619,0.107586,0.012411,0.050276,0.026815,0.072755,0.14011
llama-3.1-8b,"layers.23.self_attn.q_proj (4096, 4096)",-,-,heade0,mse,0.5565,0.5628,0.0194,0.0053,0.9753,20.6778,0.05253,0.397745,0.022829,0.329835,0.075632,0.122855,0.21527,0.049245,0.228153,0.012294,0.05381,0.006201,0.023853,0.08838
llama-3.1-8b,"layers.23.self_attn.k_proj (1024, 4096)",-,-,heade0,mse,0.5427,0.5989,0.0283,0.0165,0.9552,19.9148,0.055569,0.429544,0.035493,0.266766,0.09561,0.160161,0.315221,0.048199,0.287547,0.024061,0.147747,0.016752,0.047498,0.142341
llama-3.1-8b,"layers.23.self_attn.v_proj (1024, 4096)",-,-,heade0,mse,0.5492,0.5533,0.0088,0.0047,0.9864,20.2485,0.050682,0.224672,0.027002,0.125869,0.020688,0.055503,0.160243,0.04963,0.213277,0.024773,0.101984,0.008897,0.03369,0.120324
llama-3.1-8b,"layers.23.self_attn.o_proj (4096, 4096)",-,-,heade0,mse,0.5683,0.5584,0.0063,0.0005,0.9932,21.4031,0.051093,0.203014,0.032488,0.611157,0.301371,0.325424,0.374542,0.049852,0.199149,0.012432,0.053723,0.122461,0.221299,0.317543
llama-3.1-8b,"layers.23.mlp.gate_proj (14336, 4096)",-,-,heade0,mse,0.5673,0.5619,0.024,0.0003,0.9757,21.3034,0.049958,0.19674,0.022849,0.348997,0.052128,0.103289,0.183122,0.049466,0.212922,0.00656,0.028452,0.008632,0.031719,0.093767
llama-3.1-8b,"layers.23.mlp.up_proj (14336, 4096)",-,-,heade0,mse,0.5656,0.557,0.011,0.0004,0.9886,21.2475,0.050035,0.197252,0.011041,0.181581,0.026153,0.046808,0.099271,0.049916,0.199499,0.006662,0.026156,0.006817,0.021739,0.074855
llama-3.1-8b,"layers.23.mlp.down_proj (4096, 14336)",-,-,heade0,mse,0.5647,0.5501,0.004,0.0006,0.9954,21.2195,0.02676,0.114057,0.014205,0.208129,0.064289,0.096312,0.123083,0.026589,0.106552,0.012426,0.050275,0.015709,0.047991,0.094069
llama-3.1-8b,"layers.24.self_attn.q_proj (4096, 4096)",-,-,heade0,mse,0.5534,0.565,0.0188,0.0055,0.9757,20.5185,0.052246,0.384313,0.023656,0.30326,0.069956,0.117394,0.214598,0.049146,0.2382,0.012379,0.052927,0.007966,0.027773,0.092651
llama-3.1-8b,"layers.24.self_attn.k_proj (1024, 4096)",-,-,heade0,mse,0.5343,0.6183,0.0411,0.0195,0.9394,19.5669,0.059653,0.520778,0.043443,0.307873,0.121354,0.194107,0.367137,0.047635,0.317894,0.023905,0.158038,0.01328,0.044792,0.145011
llama-3.1-8b,"layers.24.self_attn.v_proj (1024, 4096)",-,-,heade0,mse,0.539,0.5716,0.0131,0.0084,0.9785,19.7788,0.051719,0.274619,0.028931,0.133341,0.030542,0.06791,0.174575,0.049473,0.224821,0.024807,0.110683,0.00931,0.03448,0.121961
llama-3.1-8b,"layers.24.self_attn.o_proj (4096, 4096)",-,-,heade0,mse,0.5669,0.5563,0.0072,0.0008,0.992,21.3077,0.052756,0.211798,0.024578,0.433813,0.065713,0.095055,0.17955,0.049877,0.200288,0.012489,0.04977,0.013592,0.040489,0.107997
llama-3.1-8b,"layers.24.mlp.gate_proj (14336, 4096)",-,-,heade0,mse,0.5652,0.56,0.0188,0.0004,0.9809,21.1903,0.049952,0.197897,0.018706,0.289176,0.043589,0.094185,0.176991,0.049517,0.213598,0.006585,0.029324,0.01094,0.036055,0.098771
llama-3.1-8b,"layers.24.mlp.up_proj (14336, 4096)",-,-,heade0,mse,0.5646,0.5554,0.0095,0.0005,0.99,21.2276,0.049982,0.198483,0.009944,0.179767,0.022753,0.044342,0.099036,0.049952,0.199139,0.006708,0.027633,0.005898,0.02177,0.075489
llama-3.1-8b,"layers.24.mlp.down_proj (4096, 14336)",-,-,heade0,mse,0.5665,0.5519,0.0049,0.0006,0.9945,21.2993,0.026773,0.113996,0.014383,0.267894,0.094758,0.120819,0.144653,0.026629,0.106654,0.012398,0.050003,0.020854,0.056558,0.112736
llama-3.1-8b,"layers.25.self_attn.q_proj (4096, 4096)",-,-,heade0,mse,0.5491,0.5705,0.0237,0.006,0.9703,20.3309,0.052476,0.409679,0.027092,0.379043,0.084241,0.137568,0.24163,0.04906,0.247161,0.01238,0.056799,0.007597,0.028077,0.094354
llama-3.1-8b,"layers.25.self_attn.k_proj (1024, 4096)",-,-,heade0,mse,0.5362,0.6094,0.0428,0.0156,0.9416,19.7775,0.058326,0.576663,0.043562,0.329505,0.123847,0.199615,0.365009,0.04763,0.323114,0.023811,0.176905,0.014238,0.048052,0.150536
llama-3.1-8b,"layers.25.self_attn.v_proj (1024, 4096)",-,-,heade0,mse,0.5432,0.5747,0.0169,0.008,0.9751,19.6693,0.050874,0.247989,0.030837,0.170912,0.043334,0.08913,0.222767,0.04906,0.257295,0.024522,0.126739,0.012267,0.040388,0.131376
llama-3.1-8b,"layers.25.self_attn.o_proj (4096, 4096)",-,-,heade0,mse,0.5679,0.5582,0.0054,0.0005,0.9941,21.4009,0.051667,0.209662,0.030981,0.640952,0.152621,0.191819,0.262376,0.049693,0.201835,0.012296,0.051714,0.033989,0.095513,0.186883
llama-3.1-8b,"layers.25.mlp.gate_proj (14336, 4096)",-,-,heade0,mse,0.5655,0.5603,0.0212,0.0005,0.9784,21.1524,0.049926,0.197453,0.020935,0.244079,0.043303,0.085692,0.177876,0.049388,0.216013,0.006562,0.029485,0.007451,0.027353,0.086368
llama-3.1-8b,"layers.25.mlp.up_proj (14336, 4096)",-,-,heade0,mse,0.563,0.5552,0.0091,0.0005,0.9903,21.1038,0.049978,0.198271,0.009343,0.110842,0.017433,0.04302,0.099451,0.049891,0.200866,0.006655,0.02642,0.00633,0.022519,0.075836
llama-3.1-8b,"layers.25.mlp.down_proj (4096, 14336)",-,-,heade0,mse,0.5656,0.5513,0.0031,0.0006,0.9963,21.2997,0.02679,0.119296,0.013499,0.13909,0.030575,0.051777,0.077562,0.026629,0.106218,0.01245,0.049331,0.010264,0.027138,0.054675
llama-3.1-8b,"layers.26.self_attn.q_proj (4096, 4096)",-,-,heade0,mse,0.5515,0.5734,0.0208,0.0074,0.9719,20.4635,0.053458,0.405725,0.023197,0.263756,0.063168,0.113394,0.222358,0.049023,0.242606,0.01236,0.058096,0.006869,0.025897,0.091287
llama-3.1-8b,"layers.26.self_attn.k_proj (1024, 4096)",-,-,heade0,mse,0.5322,0.619,0.045,0.0217,0.9333,19.5207,0.060258,0.488849,0.045946,0.309049,0.122835,0.191803,0.355666,0.047728,0.315444,0.02412,0.157784,0.011986,0.041301,0.136475
llama-3.1-8b,"layers.26.self_attn.v_proj (1024, 4096)",-,-,heade0,mse,0.541,0.5661,0.0189,0.0045,0.9766,19.9221,0.050304,0.222543,0.030449,0.1994,0.040283,0.088133,0.191531,0.049421,0.222518,0.024673,0.10742,0.017798,0.04364,0.13044
llama-3.1-8b,"layers.26.self_attn.o_proj (4096, 4096)",-,-,heade0,mse,0.5676,0.5563,0.0046,0.0007,0.9947,21.3487,0.052728,0.211238,0.040656,0.699656,0.180234,0.261845,0.32409,0.049729,0.201592,0.012282,0.051506,0.055039,0.118594,0.23095
llama-3.1-8b,"layers.26.mlp.gate_proj (14336, 4096)",-,-,heade0,mse,0.565,0.5604,0.0247,0.0005,0.9748,21.1304,0.049978,0.19876,0.023824,0.307901,0.054356,0.104311,0.1987,0.049199,0.225216,0.006492,0.030904,0.00973,0.0318,0.09531
llama-3.1-8b,"layers.26.mlp.up_proj (14336, 4096)",-,-,heade0,mse,0.5647,0.5554,0.0078,0.0005,0.9917,21.1963,0.049982,0.198688,0.008419,0.075667,0.01341,0.03275,0.08705,0.049902,0.198721,0.006662,0.026456,0.005584,0.019648,0.07225
llama-3.1-8b,"layers.26.mlp.down_proj (4096, 14336)",-,-,heade0,mse,0.566,0.5512,0.0048,0.0005,0.9946,21.3116,0.026732,0.111356,0.014258,0.243508,0.078703,0.093673,0.119103,0.026601,0.105803,0.012448,0.049646,0.018962,0.047117,0.093382
llama-3.1-8b,"layers.27.self_attn.q_proj (4096, 4096)",-,-,heade0,mse,0.5494,0.5695,0.0184,0.0075,0.9741,20.2957,0.053692,0.445551,0.023244,0.283474,0.065196,0.113377,0.227183,0.049013,0.248365,0.012269,0.058561,0.006439,0.024693,0.089175
llama-3.1-8b,"layers.27.self_attn.k_proj (1024, 4096)",-,-,heade0,mse,0.5302,0.6216,0.0448,0.023,0.9322,19.2221,0.063429,0.569686,0.045993,0.311283,0.132315,0.220098,0.400257,0.046933,0.354436,0.023623,0.168106,0.017106,0.056607,0.159499
llama-3.1-8b,"layers.27.self_attn.v_proj (1024, 4096)",-,-,heade0,mse,0.5375,0.5944,0.0271,0.011,0.9619,19.1567,0.051196,0.265104,0.036486,0.216597,0.067404,0.12921,0.283826,0.047971,0.312258,0.023992,0.143649,0.012038,0.04524,0.140203
llama-3.1-8b,"layers.27.self_attn.o_proj (4096, 4096)",-,-,heade0,mse,0.5687,0.5598,0.0308,0.0005,0.9687,21.4987,0.052383,0.210921,0.049404,0.95083,0.54612,0.558007,0.595878,0.049759,0.199768,0.012247,0.04991,0.092763,0.283927,0.534218
llama-3.1-8b,"layers.27.mlp.gate_proj (14336, 4096)",-,-,heade0,mse,0.5666,0.562,0.0178,0.0006,0.9816,21.2348,0.049977,0.198377,0.018498,0.217955,0.041892,0.080983,0.163594,0.049171,0.22411,0.006598,0.02904,0.009657,0.029358,0.086035
llama-3.1-8b,"layers.27.mlp.up_proj (14336, 4096)",-,-,heade0,mse,0.5656,0.5583,0.0085,0.0005,0.9909,21.2229,0.049977,0.199436,0.008929,0.092954,0.01608,0.042168,0.098993,0.049908,0.20148,0.006609,0.02645,0.006271,0.021966,0.074946
llama-3.1-8b,"layers.27.mlp.down_proj (4096, 14336)",-,-,heade0,mse,0.5633,0.5479,0.0055,0.0006,0.9939,21.1599,0.026797,0.114211,0.01464,0.261942,0.085644,0.099049,0.124352,0.026641,0.105764,0.012445,0.050179,0.037923,0.064723,0.097422
llama-3.1-8b,"layers.28.self_attn.q_proj (4096, 4096)",-,-,heade0,mse,0.5536,0.5626,0.0155,0.0065,0.978,20.5277,0.052999,0.383948,0.020654,0.255943,0.072232,0.127229,0.240675,0.049043,0.2436,0.012282,0.058081,0.011439,0.035637,0.106409
llama-3.1-8b,"layers.28.self_attn.k_proj (1024, 4096)",-,-,heade0,mse,0.5362,0.6058,0.0348,0.0201,0.9451,19.4369,0.057357,0.420283,0.040232,0.244356,0.086251,0.162071,0.320018,0.047924,0.305733,0.024147,0.14367,0.010999,0.040242,0.133397
llama-3.1-8b,"layers.28.self_attn.v_proj (1024, 4096)",-,-,heade0,mse,0.5421,0.5608,0.0152,0.0054,0.9794,19.7789,0.050349,0.223527,0.029778,0.173139,0.033156,0.066945,0.171355,0.049469,0.22634,0.024597,0.109729,0.009151,0.034401,0.121287
llama-3.1-8b,"layers.28.self_attn.o_proj (4096, 4096)",-,-,heade0,mse,0.5649,0.5571,0.0097,0.0005,0.9898,21.3689,0.055265,0.222445,0.053682,0.761478,0.734211,0.742887,0.770576,0.049782,0.20057,0.012338,0.051818,0.262385,0.614858,0.733678
llama-3.1-8b,"layers.28.mlp.gate_proj (14336, 4096)",-,-,heade0,mse,0.5643,0.562,0.0204,0.0006,0.979,21.1051,0.05002,0.199518,0.020762,0.256903,0.050619,0.099212,0.202167,0.049037,0.233413,0.006509,0.029532,0.014669,0.046471,0.111827
llama-3.1-8b,"layers.28.mlp.up_proj (14336, 4096)",-,-,heade0,mse,0.565,0.5576,0.0096,0.0006,0.9898,21.2097,0.049949,0.198491,0.009744,0.157375,0.02022,0.046794,0.103833,0.049843,0.20193,0.006654,0.026813,0.006772,0.022278,0.075407
llama-3.1-8b,"layers.28.mlp.down_proj (4096, 14336)",-,-,heade0,mse,0.561,0.5427,0.0067,0.0007,0.9925,20.9908,0.026792,0.114447,0.015174,0.3656,0.099524,0.112394,0.137589,0.026617,0.106654,0.012439,0.050473,0.032412,0.060757,0.103278
llama-3.1-8b,"layers.29.self_attn.q_proj (4096, 4096)",-,-,heade0,mse,0.55,0.582,0.0258,0.0079,0.9663,20.2037,0.052971,0.360298,0.025373,0.230558,0.063889,0.124033,0.251163,0.048356,0.279966,0.012158,0.065833,0.007289,0.027721,0.097361
llama-3.1-8b,"layers.29.self_attn.k_proj (1024, 4096)",-,-,heade0,mse,0.5449,0.5908,0.0371,0.018,0.9449,20.0333,0.057511,0.458318,0.041686,0.290153,0.111006,0.188494,0.36795,0.047674,0.313688,0.023946,0.157078,0.01105,0.04241,0.143556
llama-3.1-8b,"layers.29.self_attn.v_proj (1024, 4096)",-,-,heade0,mse,0.5441,0.5834,0.03,0.0081,0.9619,19.861,0.050662,0.26302,0.036051,0.27418,0.080486,0.143152,0.305143,0.048282,0.300666,0.023738,0.154495,0.019153,0.054106,0.153101
llama-3.1-8b,"layers.29.self_attn.o_proj (4096, 4096)",-,-,heade0,mse,0.5657,0.5558,0.0096,0.0006,0.9898,21.3235,0.052986,0.21044,0.047997,0.733432,0.193563,0.21309,0.281818,0.04984,0.199303,0.012514,0.050279,0.047638,0.102113,0.190654
llama-3.1-8b,"layers.29.mlp.gate_proj (14336, 4096)",-,-,heade0,mse,0.5636,0.5604,0.0162,0.0007,0.9831,21.0843,0.050019,0.201826,0.019171,0.225106,0.031631,0.083529,0.172643,0.048816,0.236185,0.00651,0.030128,0.00943,0.031992,0.091837
llama-3.1-8b,"layers.29.mlp.up_proj (14336, 4096)",-,-,heade0,mse,0.5639,0.5545,0.008,0.0005,0.9914,21.1433,0.049943,0.200296,0.009451,0.133075,0.017412,0.049993,0.108508,0.049887,0.200159,0.006644,0.026387,0.006967,0.023599,0.078277
llama-3.1-8b,"layers.29.mlp.down_proj (4096, 14336)",-,-,heade0,mse,0.5559,0.5366,0.0046,0.0013,0.9941,20.7002,0.026859,0.116454,0.014382,0.209851,0.048578,0.074064,0.112075,0.026586,0.108319,0.012424,0.051064,0.013889,0.041142,0.079662
llama-3.1-8b,"layers.30.self_attn.q_proj (4096, 4096)",-,-,heade0,mse,0.5472,0.5737,0.0168,0.0134,0.9699,20.0532,0.058406,0.50702,0.022526,0.193695,0.061308,0.12856,0.271818,0.048115,0.288242,0.012184,0.063209,0.008446,0.030145,0.098727
llama-3.1-8b,"layers.30.self_attn.k_proj (1024, 4096)",-,-,heade0,mse,0.5214,0.6729,0.0418,0.0461,0.9122,18.0281,0.073979,0.570534,0.045717,0.303462,0.157345,0.254825,0.477483,0.044651,0.420739,0.022631,0.187173,0.013498,0.047962,0.150156
llama-3.1-8b,"layers.30.self_attn.v_proj (1024, 4096)",-,-,heade0,mse,0.533,0.5868,0.0223,0.0104,0.9674,19.0096,0.05111,0.254046,0.033467,0.183108,0.053389,0.103443,0.237299,0.048615,0.280032,0.024418,0.124058,0.009337,0.035462,0.126871
llama-3.1-8b,"layers.30.self_attn.o_proj (4096, 4096)",-,-,heade0,mse,0.5652,0.5564,0.0394,0.0005,0.9601,21.3442,0.054673,0.218276,0.053248,0.910393,0.43686,0.4533,0.507354,0.049763,0.199185,0.012191,0.050563,0.125215,0.257774,0.421765
llama-3.1-8b,"layers.30.mlp.gate_proj (14336, 4096)",-,-,heade0,mse,0.5622,0.5569,0.012,0.0009,0.9871,20.9461,0.050128,0.209269,0.015323,0.158204,0.025432,0.06571,0.14381,0.049031,0.229305,0.006679,0.028502,0.012132,0.030569,0.087229
llama-3.1-8b,"layers.30.mlp.up_proj (14336, 4096)",-,-,heade0,mse,0.5622,0.5535,0.0085,0.0009,0.9906,21.0618,0.050213,0.224902,0.010572,0.113961,0.022499,0.058343,0.134638,0.049778,0.202966,0.00661,0.02649,0.018637,0.035909,0.089223
llama-3.1-8b,"layers.30.mlp.down_proj (4096, 14336)",-,-,heade0,mse,0.5418,0.5287,0.0079,0.0026,0.9895,19.9238,0.027013,0.116655,0.015974,0.204571,0.035093,0.083185,0.148434,0.026428,0.116887,0.012329,0.054656,0.018098,0.034163,0.070978
llama-3.1-8b,"layers.31.self_attn.q_proj (4096, 4096)",-,-,heade0,mse,0.5503,0.5693,0.0155,0.0198,0.9648,20.1248,0.061962,0.77945,0.025013,0.263675,0.177208,0.279066,0.440888,0.047441,0.313392,0.011573,0.08879,0.012358,0.046166,0.13471
llama-3.1-8b,"layers.31.self_attn.k_proj (1024, 4096)",-,-,heade0,mse,0.5357,0.6205,0.0379,0.0315,0.9306,18.9975,0.063727,0.54514,0.041281,0.319469,0.178137,0.304351,0.521302,0.045864,0.39995,0.022707,0.206006,0.030367,0.072855,0.187395
llama-3.1-8b,"layers.31.self_attn.v_proj (1024, 4096)",-,-,heade0,mse,0.531,0.5854,0.0249,0.0082,0.9669,18.9582,0.050987,0.269408,0.038059,0.235934,0.051908,0.105802,0.254548,0.048131,0.291292,0.024022,0.139676,0.011706,0.043095,0.138425
llama-3.1-8b,"layers.31.self_attn.o_proj (4096, 4096)",-,-,heade0,mse,0.5587,0.5523,0.0054,0.0018,0.9928,20.8651,0.055341,0.23226,0.01925,0.229287,0.090546,0.258096,0.459164,0.048772,0.227213,0.011787,0.058432,0.045646,0.111327,0.24697
llama-3.1-8b,"layers.31.mlp.gate_proj (14336, 4096)",-,-,heade0,mse,0.5584,0.555,0.0236,0.0009,0.9755,20.8993,0.050482,0.221979,0.04547,0.411556,0.083416,0.186007,0.279718,0.048764,0.23686,0.006476,0.032702,0.025733,0.061785,0.134483
llama-3.1-8b,"layers.31.mlp.up_proj (14336, 4096)",-,-,heade0,mse,0.5549,0.5484,0.0221,0.0026,0.9753,20.6428,0.051575,0.312844,0.063585,0.368552,0.135624,0.223921,0.329283,0.04924,0.222618,0.006483,0.030215,0.028084,0.065263,0.146939
llama-3.1-8b,"layers.31.mlp.down_proj (4096, 14336)",-,-,heade0,mse,0.5141,0.5625,0.0261,0.0034,0.9705,18.3942,0.027169,0.119803,0.027509,0.545438,0.111118,0.203811,0.267231,0.026272,0.124933,0.012193,0.061865,0.016194,0.045204,0.122114
