model,tensor,type_block,rule,clip,metric,pos_share,rank1_sign_fit,row_share,col_share,resid_share,ceiling_pct_of_mse,identity_mse_cut,search_mse_cut,control_mse_cut,identity,search,control,lift_vs_identity,lift_vs_control,init,seconds
llama-3.1-8b,"layers.0.self_attn.q_proj (4096, 4096)",8x64,argmin,heade0,mse,0.3764,0.7523,0.0978,0.0144,0.8878,13.7664,0.4853,2.4196,2.8524,0.0353,0.1758,0.2072,0.1405,-0.0314,spectral2,8.2
llama-3.1-8b,"layers.0.self_attn.q_proj (4096, 4096)",8x64,h1.5,heade0,mse,0.3764,0.7523,0.0978,0.0144,0.8878,13.7664,0.2822,2.2458,2.6513,0.0205,0.1631,0.1926,0.1426,-0.0295,spectral2,9.3
llama-3.1-8b,"layers.0.self_attn.v_proj (1024, 4096)",8x64,argmin,heade0,mse,0.3685,0.7561,0.0155,0.0055,0.979,12.202,0.0928,1.2816,1.1666,0.0076,0.105,0.0956,0.0974,0.0094,spectral2,3.1
llama-3.1-8b,"layers.0.self_attn.v_proj (1024, 4096)",8x64,h1.5,heade0,mse,0.3685,0.7561,0.0155,0.0055,0.979,12.202,0.0424,1.2932,1.1447,0.0035,0.106,0.0938,0.1025,0.0122,spectral2,3.9
llama-3.1-8b,"layers.0.self_attn.o_proj (4096, 4096)",8x64,argmin,heade0,mse,0.5531,0.5807,0.0629,0.0025,0.9346,20.0858,4.6019,7.4787,7.4468,0.2291,0.3723,0.3708,0.1432,0.0016,marginal,9.4
llama-3.1-8b,"layers.0.self_attn.o_proj (4096, 4096)",8x64,h1.5,heade0,mse,0.5531,0.5807,0.0629,0.0025,0.9346,20.0858,3.5622,6.9388,6.8439,0.1773,0.3455,0.3407,0.1681,0.0047,marginal,8.9
llama-3.1-8b,"layers.0.mlp.up_proj (14336, 4096)",8x64,argmin,heade0,mse,0.5507,0.549,0.0093,0.0012,0.9895,20.4318,4.4814,7.4579,7.3854,0.2193,0.365,0.3615,0.1457,0.0035,marginal,30.6
llama-3.1-8b,"layers.0.mlp.up_proj (14336, 4096)",8x64,h1.5,heade0,mse,0.5507,0.549,0.0093,0.0012,0.9895,20.4318,3.3509,6.7548,6.7079,0.164,0.3306,0.3283,0.1666,0.0023,marginal,31.8
llama-3.1-8b,"layers.0.mlp.down_proj (4096, 14336)",8x64,argmin,heade0,mse,0.5542,0.5612,0.0545,0.0014,0.9441,20.3357,4.5234,5.7232,5.4521,0.2224,0.2814,0.2681,0.059,0.0133,marginal,26.1
llama-3.1-8b,"layers.0.mlp.down_proj (4096, 14336)",8x64,h1.5,heade0,mse,0.5542,0.5612,0.0545,0.0014,0.9441,20.3357,3.419,4.8869,4.612,0.1681,0.2403,0.2268,0.0722,0.0135,marginal,23.1
llama-3.1-8b,"layers.8.self_attn.q_proj (4096, 4096)",8x64,argmin,heade0,mse,0.5549,0.566,0.0518,0.0018,0.9464,20.3292,4.6567,7.5483,7.9991,0.2291,0.3713,0.3935,0.1422,-0.0222,spectral2,9.5
llama-3.1-8b,"layers.8.self_attn.q_proj (4096, 4096)",8x64,h1.5,heade0,mse,0.5549,0.566,0.0518,0.0018,0.9464,20.3292,3.5692,7.0123,7.4571,0.1756,0.3449,0.3668,0.1694,-0.0219,spectral2,8.7
llama-3.1-8b,"layers.8.self_attn.v_proj (1024, 4096)",8x64,argmin,heade0,mse,0.5442,0.5433,0.0057,0.0025,0.9918,19.9596,3.9735,6.5322,6.7143,0.1991,0.3273,0.3364,0.1282,-0.0091,spectral2,3.0
llama-3.1-8b,"layers.8.self_attn.v_proj (1024, 4096)",8x64,h1.5,heade0,mse,0.5442,0.5433,0.0057,0.0025,0.9918,19.9596,2.8838,5.9976,6.1609,0.1445,0.3005,0.3087,0.156,-0.0082,spectral2,2.7
llama-3.1-8b,"layers.8.self_attn.o_proj (4096, 4096)",8x64,argmin,heade0,mse,0.5648,0.5557,0.0055,0.0006,0.9938,21.2664,6.0091,8.681,8.7502,0.2826,0.4082,0.4115,0.1256,-0.0033,spectral2,9.4
llama-3.1-8b,"layers.8.self_attn.o_proj (4096, 4096)",8x64,h1.5,heade0,mse,0.5648,0.5557,0.0055,0.0006,0.9938,21.2664,4.8251,8.0606,8.0527,0.2269,0.379,0.3787,0.1521,0.0004,spectral2,8.7
llama-3.1-8b,"layers.8.mlp.up_proj (14336, 4096)",8x64,argmin,heade0,mse,0.5568,0.5521,0.0156,0.001,0.9834,20.7298,4.9247,7.869,7.7535,0.2376,0.3796,0.374,0.142,0.0056,marginal,30.8
llama-3.1-8b,"layers.8.mlp.up_proj (14336, 4096)",8x64,h1.5,heade0,mse,0.5568,0.5521,0.0156,0.001,0.9834,20.7298,3.7577,7.1552,7.0743,0.1813,0.3452,0.3413,0.1639,0.0039,marginal,31.9
llama-3.1-8b,"layers.8.mlp.down_proj (4096, 14336)",8x64,argmin,heade0,mse,0.5526,0.5546,0.0575,0.0009,0.9416,20.6921,4.8094,6.0414,5.7812,0.2324,0.292,0.2794,0.0595,0.0126,marginal,23.1
llama-3.1-8b,"layers.8.mlp.down_proj (4096, 14336)",8x64,h1.5,heade0,mse,0.5526,0.5546,0.0575,0.0009,0.9416,20.6921,3.6545,5.1459,4.8761,0.1766,0.2487,0.2357,0.0721,0.013,marginal,22.2
llama-3.1-8b,"layers.16.self_attn.q_proj (4096, 4096)",8x64,argmin,heade0,mse,0.5567,0.5578,0.0278,0.0019,0.9704,20.4925,4.8546,7.6468,8.0219,0.2369,0.3732,0.3915,0.1363,-0.0183,spectral2,9.7
llama-3.1-8b,"layers.16.self_attn.q_proj (4096, 4096)",8x64,h1.5,heade0,mse,0.5567,0.5578,0.0278,0.0019,0.9704,20.4925,3.7678,7.1223,7.525,0.1839,0.3476,0.3672,0.1637,-0.0196,spectral2,9.6
llama-3.1-8b,"layers.16.self_attn.v_proj (1024, 4096)",8x64,argmin,heade0,mse,0.54,0.5855,0.0238,0.0085,0.9676,19.7914,4.2537,6.3629,5.8009,0.2149,0.3215,0.2931,0.1066,0.0284,spectral1,2.9
llama-3.1-8b,"layers.16.self_attn.v_proj (1024, 4096)",8x64,h1.5,heade0,mse,0.54,0.5855,0.0238,0.0085,0.9676,19.7914,3.2189,5.824,5.2455,0.1626,0.2943,0.265,0.1316,0.0292,spectral1,2.7
llama-3.1-8b,"layers.16.self_attn.o_proj (4096, 4096)",8x64,argmin,heade0,mse,0.5668,0.5588,0.0085,0.0003,0.9911,21.3845,6.1729,8.8268,8.82,0.2887,0.4128,0.4124,0.1241,0.0003,spectral2,9.4
llama-3.1-8b,"layers.16.self_attn.o_proj (4096, 4096)",8x64,h1.5,heade0,mse,0.5668,0.5588,0.0085,0.0003,0.9911,21.3845,4.966,8.1631,8.1243,0.2322,0.3817,0.3799,0.1495,0.0018,spectral2,8.7
llama-3.1-8b,"layers.16.mlp.up_proj (14336, 4096)",8x64,argmin,heade0,mse,0.5569,0.5491,0.0078,0.001,0.9912,20.7959,5.0369,7.9322,7.8704,0.2422,0.3814,0.3785,0.1392,0.003,marginal,31.2
llama-3.1-8b,"layers.16.mlp.up_proj (14336, 4096)",8x64,h1.5,heade0,mse,0.5569,0.5491,0.0078,0.001,0.9912,20.7959,3.8509,7.2328,7.1798,0.1852,0.3478,0.3453,0.1626,0.0025,marginal,31.9
llama-3.1-8b,"layers.16.mlp.down_proj (4096, 14336)",8x64,argmin,heade0,mse,0.5563,0.5527,0.0182,0.001,0.9808,20.8001,5.0322,6.2215,5.9721,0.2419,0.2991,0.2871,0.0572,0.012,marginal,22.8
llama-3.1-8b,"layers.16.mlp.down_proj (4096, 14336)",8x64,h1.5,heade0,mse,0.5563,0.5527,0.0182,0.001,0.9808,20.8001,3.8645,5.3233,5.0721,0.1858,0.2559,0.2438,0.0701,0.0121,marginal,21.5
llama-3.1-8b,"layers.24.self_attn.q_proj (4096, 4096)",8x64,argmin,heade0,mse,0.5534,0.565,0.0188,0.0055,0.9757,20.5185,4.86,7.5963,7.5242,0.2369,0.3702,0.3667,0.1334,0.0035,marginal,9.3
llama-3.1-8b,"layers.24.self_attn.q_proj (4096, 4096)",8x64,h1.5,heade0,mse,0.5534,0.565,0.0188,0.0055,0.9757,20.5185,3.7734,7.0226,6.9416,0.1839,0.3423,0.3383,0.1584,0.0039,marginal,9.1
llama-3.1-8b,"layers.24.self_attn.v_proj (1024, 4096)",8x64,argmin,heade0,mse,0.539,0.5716,0.0131,0.0084,0.9785,19.7788,3.904,6.1597,5.8172,0.1974,0.3114,0.2941,0.114,0.0173,marginal,2.8
llama-3.1-8b,"layers.24.self_attn.v_proj (1024, 4096)",8x64,h1.5,heade0,mse,0.539,0.5716,0.0131,0.0084,0.9785,19.7788,2.9376,5.5922,5.275,0.1485,0.2827,0.2667,0.1342,0.016,marginal,2.7
llama-3.1-8b,"layers.24.self_attn.o_proj (4096, 4096)",8x64,argmin,heade0,mse,0.5669,0.5563,0.0072,0.0008,0.992,21.3077,5.8963,8.4516,8.4645,0.2767,0.3966,0.3973,0.1199,-0.0006,spectral2,9.7
llama-3.1-8b,"layers.24.self_attn.o_proj (4096, 4096)",8x64,h1.5,heade0,mse,0.5669,0.5563,0.0072,0.0008,0.992,21.3077,4.6686,7.8302,7.7683,0.2191,0.3675,0.3646,0.1484,0.0029,spectral2,9.2
llama-3.1-8b,"layers.24.mlp.up_proj (14336, 4096)",8x64,argmin,heade0,mse,0.5646,0.5554,0.0095,0.0005,0.99,21.2276,5.6794,8.5092,8.4762,0.2675,0.4009,0.3993,0.1333,0.0016,spectral2,30.8
llama-3.1-8b,"layers.24.mlp.up_proj (14336, 4096)",8x64,h1.5,heade0,mse,0.5646,0.5554,0.0095,0.0005,0.99,21.2276,4.4466,7.7647,7.7574,0.2095,0.3658,0.3654,0.1563,0.0003,spectral2,32.4
llama-3.1-8b,"layers.24.mlp.down_proj (4096, 14336)",8x64,argmin,heade0,mse,0.5665,0.5519,0.0049,0.0006,0.9945,21.2993,5.8529,6.8241,6.7872,0.2748,0.3204,0.3187,0.0456,0.0017,marginal,24.5
llama-3.1-8b,"layers.24.mlp.down_proj (4096, 14336)",8x64,h1.5,heade0,mse,0.5665,0.5519,0.0049,0.0006,0.9945,21.2993,4.6236,5.8832,5.8384,0.2171,0.2762,0.2741,0.0591,0.0021,marginal,21.2
