model,tensor,type_block,rule,harmed_id,harmed_se,harmmass_id,harmmass_se,elected_id,elected_se,clip,metric,pos_share,rank1_sign_fit,row_share,col_share,resid_share,ceiling_pct_of_mse,identity_mse_cut,search_mse_cut,control_mse_cut,identity,search,control,lift_vs_identity,lift_vs_control,init,seconds
llama-3.1-8b,"layers.0.self_attn.q_proj (4096, 4096)",8x64,argmin,3.2089,5.8887,1.3823,1.8545,6.7719,13.7573,heade0,mse,0.3764,0.7523,0.0978,0.0144,0.8878,13.7664,0.4853,2.3772,2.8148,0.0353,0.1727,0.2045,0.1374,-0.0318,spectral2,7.8
llama-3.1-8b,"layers.0.self_attn.q_proj (4096, 4096)",8x64,h1.5,0.7981,3.2885,0.2971,1.0122,1.8188,8.7311,heade0,mse,0.3764,0.7523,0.0978,0.0144,0.8878,13.7664,0.2822,2.2873,2.63,0.0205,0.1661,0.191,0.1457,-0.0249,spectral2,10.2
llama-3.1-8b,"layers.0.self_attn.v_proj (1024, 4096)",8x64,argmin,0.9296,2.6016,0.3868,0.8732,2.0386,6.9946,heade0,mse,0.3685,0.7561,0.0155,0.0055,0.979,12.202,0.0928,1.2725,1.1624,0.0076,0.1043,0.0953,0.0967,0.009,spectral2,2.5
llama-3.1-8b,"layers.0.self_attn.v_proj (1024, 4096)",8x64,h1.5,0.1377,1.7471,0.0531,0.558,0.354,5.2856,heade0,mse,0.3685,0.7561,0.0155,0.0055,0.979,12.202,0.0424,1.2785,1.1217,0.0035,0.1048,0.0919,0.1013,0.0128,spectral2,3.8
llama-3.1-8b,"layers.0.self_attn.o_proj (4096, 4096)",8x64,argmin,21.349,20.7243,8.0874,6.6107,53.4393,56.0333,heade0,mse,0.5531,0.5807,0.0629,0.0025,0.9346,20.0858,4.6019,7.4787,7.4468,0.2291,0.3723,0.3708,0.1432,0.0016,marginal,10.8
llama-3.1-8b,"layers.0.self_attn.o_proj (4096, 4096)",8x64,h1.5,9.5095,12.876,3.2609,3.846,25.9644,38.0981,heade0,mse,0.5531,0.5807,0.0629,0.0025,0.9346,20.0858,3.5622,6.9388,6.8439,0.1773,0.3455,0.3407,0.1681,0.0047,marginal,9.9
llama-3.1-8b,"layers.0.mlp.up_proj (14336, 4096)",8x64,argmin,22.6079,20.4441,8.5428,6.8497,56.1471,56.2081,heade0,mse,0.5507,0.549,0.0093,0.0012,0.9895,20.4318,4.4814,7.4579,7.3665,0.2193,0.365,0.3605,0.1457,0.0045,marginal,32.6
llama-3.1-8b,"layers.0.mlp.up_proj (14336, 4096)",8x64,h1.5,9.51,11.7346,3.1988,3.5572,25.9373,36.4275,heade0,mse,0.5507,0.549,0.0093,0.0012,0.9895,20.4318,3.3509,6.7548,6.6985,0.164,0.3306,0.3278,0.1666,0.0028,marginal,32.8
llama-3.1-8b,"layers.0.mlp.down_proj (4096, 14336)",8x64,argmin,22.5155,22.5512,8.365,7.908,56.2378,58.2833,heade0,mse,0.5542,0.5612,0.0545,0.0014,0.9441,20.3357,4.5234,5.7232,5.4521,0.2224,0.2814,0.2681,0.059,0.0133,marginal,25.9
llama-3.1-8b,"layers.0.mlp.down_proj (4096, 14336)",8x64,h1.5,9.7176,12.9185,3.2193,4.1611,26.6654,36.0936,heade0,mse,0.5542,0.5612,0.0545,0.0014,0.9441,20.3357,3.419,4.8869,4.612,0.1681,0.2403,0.2268,0.0722,0.0135,marginal,23.2
llama-3.1-8b,"layers.8.self_attn.q_proj (4096, 4096)",8x64,argmin,23.3089,20.6671,8.3161,6.69,58.1268,56.2775,heade0,mse,0.5549,0.566,0.0518,0.0018,0.9464,20.3292,4.6567,7.5579,7.9991,0.2291,0.3718,0.3935,0.1427,-0.0217,spectral2,9.9
llama-3.1-8b,"layers.8.self_attn.q_proj (4096, 4096)",8x64,h1.5,10.568,13.5895,3.2899,4.0218,28.7811,39.9445,heade0,mse,0.5549,0.566,0.0518,0.0018,0.9464,20.3292,3.5692,7.0273,7.3913,0.1756,0.3457,0.3636,0.1701,-0.0179,spectral2,9.5
llama-3.1-8b,"layers.8.self_attn.v_proj (1024, 4096)",8x64,argmin,21.9349,19.9181,7.9927,6.737,53.9795,53.2104,heade0,mse,0.5442,0.5433,0.0057,0.0025,0.9918,19.9596,3.9735,6.528,6.6626,0.1991,0.3271,0.3338,0.128,-0.0067,spectral2,3.2
llama-3.1-8b,"layers.8.self_attn.v_proj (1024, 4096)",8x64,h1.5,8.9256,13.4018,2.7937,4.2182,24.1821,37.9395,heade0,mse,0.5442,0.5433,0.0057,0.0025,0.9918,19.9596,2.8838,5.9319,6.1541,0.1445,0.2972,0.3083,0.1527,-0.0111,spectral2,3.0
llama-3.1-8b,"layers.8.self_attn.o_proj (4096, 4096)",8x64,argmin,25.7998,22.9817,9.4249,7.4163,64.917,62.5061,heade0,mse,0.5648,0.5557,0.0055,0.0006,0.9938,21.2664,6.0091,8.6667,8.7502,0.2826,0.4075,0.4115,0.125,-0.0039,spectral2,10.1
llama-3.1-8b,"layers.8.self_attn.o_proj (4096, 4096)",8x64,h1.5,12.545,14.7295,4.1255,4.355,34.3048,43.6859,heade0,mse,0.5648,0.5557,0.0055,0.0006,0.9938,21.2664,4.8251,8.0487,8.0527,0.2269,0.3785,0.3787,0.1516,-0.0002,spectral2,9.3
llama-3.1-8b,"layers.8.mlp.up_proj (14336, 4096)",8x64,argmin,23.8189,21.1836,8.9415,7.082,59.518,58.5903,heade0,mse,0.5568,0.5521,0.0156,0.001,0.9834,20.7298,4.9247,7.869,7.7535,0.2376,0.3796,0.374,0.142,0.0056,marginal,32.6
llama-3.1-8b,"layers.8.mlp.up_proj (14336, 4096)",8x64,h1.5,10.5006,12.3687,3.5332,3.7447,28.7641,38.5114,heade0,mse,0.5568,0.5521,0.0156,0.001,0.9834,20.7298,3.7577,7.1552,7.0743,0.1813,0.3452,0.3413,0.1639,0.0039,marginal,32.9
llama-3.1-8b,"layers.8.mlp.down_proj (4096, 14336)",8x64,argmin,23.4348,22.2735,8.8049,8.236,58.1517,57.6085,heade0,mse,0.5526,0.5546,0.0575,0.0009,0.9416,20.6921,4.8094,6.0414,5.7812,0.2324,0.292,0.2794,0.0595,0.0126,marginal,24.3
llama-3.1-8b,"layers.8.mlp.down_proj (4096, 14336)",8x64,h1.5,10.1838,12.8473,3.4138,4.3957,27.6873,35.8442,heade0,mse,0.5526,0.5546,0.0575,0.0009,0.9416,20.6921,3.6545,5.1459,4.8761,0.1766,0.2487,0.2357,0.0721,0.013,marginal,23.3
llama-3.1-8b,"layers.16.self_attn.q_proj (4096, 4096)",8x64,argmin,23.7129,21.0632,8.5538,6.8905,59.256,57.4097,heade0,mse,0.5567,0.5578,0.0278,0.0019,0.9704,20.4925,4.8546,7.6507,8.0219,0.2369,0.3733,0.3915,0.1364,-0.0181,spectral2,10.1
llama-3.1-8b,"layers.16.self_attn.q_proj (4096, 4096)",8x64,h1.5,10.9913,13.7881,3.4729,4.1167,29.9622,40.6219,heade0,mse,0.5567,0.5578,0.0278,0.0019,0.9704,20.4925,3.7678,7.1416,7.525,0.1839,0.3485,0.3672,0.1646,-0.0187,spectral2,9.8
llama-3.1-8b,"layers.16.self_attn.v_proj (1024, 4096)",8x64,argmin,19.8963,19.2036,7.8082,6.6962,49.6582,51.5625,heade0,mse,0.54,0.5855,0.0238,0.0085,0.9676,19.7914,4.2537,6.3368,5.7471,0.2149,0.3202,0.2904,0.1053,0.0298,spectral1,3.0
llama-3.1-8b,"layers.16.self_attn.v_proj (1024, 4096)",8x64,h1.5,8.6208,13.1069,3.0102,4.2682,23.6206,37.4268,heade0,mse,0.54,0.5855,0.0238,0.0085,0.9676,19.7914,3.2189,5.7928,5.2405,0.1626,0.2927,0.2648,0.1301,0.0279,spectral1,3.0
llama-3.1-8b,"layers.16.self_attn.o_proj (4096, 4096)",8x64,argmin,26.6428,23.1028,9.6824,7.4553,66.9922,63.2324,heade0,mse,0.5668,0.5588,0.0085,0.0003,0.9911,21.3845,6.1729,8.8406,8.82,0.2887,0.4134,0.4124,0.1247,0.001,spectral2,10.3
llama-3.1-8b,"layers.16.self_attn.o_proj (4096, 4096)",8x64,h1.5,12.8304,15.3681,4.2116,4.5942,35.199,45.4071,heade0,mse,0.5668,0.5588,0.0085,0.0003,0.9911,21.3845,4.966,8.1562,8.1243,0.2322,0.3814,0.3799,0.1492,0.0015,spectral2,9.2
llama-3.1-8b,"layers.16.mlp.up_proj (14336, 4096)",8x64,argmin,24.2446,21.3993,9.0856,7.157,60.4937,59.021,heade0,mse,0.5569,0.5491,0.0078,0.001,0.9912,20.7959,5.0369,7.9322,7.8704,0.2422,0.3814,0.3785,0.1392,0.003,marginal,32.6
llama-3.1-8b,"layers.16.mlp.up_proj (14336, 4096)",8x64,h1.5,10.7156,12.5741,3.5986,3.8122,29.3187,38.964,heade0,mse,0.5569,0.5491,0.0078,0.001,0.9912,20.7959,3.8509,7.2328,7.1798,0.1852,0.3478,0.3453,0.1626,0.0025,marginal,33.0
llama-3.1-8b,"layers.16.mlp.down_proj (4096, 14336)",8x64,argmin,23.9662,23.075,8.9676,8.4259,59.8075,59.7299,heade0,mse,0.5563,0.5527,0.0182,0.001,0.9808,20.8001,5.0322,6.2215,5.9721,0.2419,0.2991,0.2871,0.0572,0.012,marginal,23.7
llama-3.1-8b,"layers.16.mlp.down_proj (4096, 14336)",8x64,h1.5,10.6903,13.4282,3.5889,4.529,29.2419,37.4747,heade0,mse,0.5563,0.5527,0.0182,0.001,0.9808,20.8001,3.8645,5.3233,5.0721,0.1858,0.2559,0.2438,0.0701,0.0121,marginal,22.6
llama-3.1-8b,"layers.24.self_attn.q_proj (4096, 4096)",8x64,argmin,22.5298,20.837,8.4948,6.9296,56.4148,56.8909,heade0,mse,0.5534,0.565,0.0188,0.0055,0.9757,20.5185,4.86,7.5963,7.5188,0.2369,0.3702,0.3664,0.1334,0.0038,marginal,10.3
llama-3.1-8b,"layers.24.self_attn.q_proj (4096, 4096)",8x64,h1.5,10.2652,13.2673,3.466,4.0565,28.0365,39.5355,heade0,mse,0.5534,0.565,0.0188,0.0055,0.9757,20.5185,3.7734,7.0226,6.9605,0.1839,0.3423,0.3392,0.1584,0.003,marginal,9.7
llama-3.1-8b,"layers.24.self_attn.v_proj (1024, 4096)",8x64,argmin,19.0697,19.0331,7.3421,6.5019,47.5708,50.8667,heade0,mse,0.539,0.5716,0.0131,0.0084,0.9785,19.7788,3.904,6.1597,5.8309,0.1974,0.3114,0.2948,0.114,0.0166,marginal,2.9
llama-3.1-8b,"layers.24.self_attn.v_proj (1024, 4096)",8x64,h1.5,8.2813,12.6232,2.8063,4.0591,22.6074,36.0962,heade0,mse,0.539,0.5716,0.0131,0.0084,0.9785,19.7788,2.9376,5.5922,5.3098,0.1485,0.2827,0.2685,0.1342,0.0143,marginal,2.8
llama-3.1-8b,"layers.24.self_attn.o_proj (4096, 4096)",8x64,argmin,26.4745,23.1909,9.7751,7.6757,66.7389,63.4216,heade0,mse,0.5669,0.5563,0.0072,0.0008,0.992,21.3077,5.8963,8.451,8.4645,0.2767,0.3966,0.3973,0.1199,-0.0006,spectral2,10.2
llama-3.1-8b,"layers.24.self_attn.o_proj (4096, 4096)",8x64,h1.5,12.7265,14.8682,4.2358,4.54,34.9976,44.4672,heade0,mse,0.5669,0.5563,0.0072,0.0008,0.992,21.3077,4.6686,7.7651,7.7683,0.2191,0.3644,0.3646,0.1453,-0.0002,spectral2,9.3
llama-3.1-8b,"layers.24.mlp.up_proj (14336, 4096)",8x64,argmin,25.9874,22.4694,9.6547,7.4737,65.3538,62.3186,heade0,mse,0.5646,0.5554,0.0095,0.0005,0.99,21.2276,5.6794,8.5012,8.4727,0.2675,0.4005,0.3991,0.1329,0.0013,spectral2,32.5
llama-3.1-8b,"layers.24.mlp.up_proj (14336, 4096)",8x64,h1.5,12.1408,13.51,4.0706,4.0823,33.4429,41.9346,heade0,mse,0.5646,0.5554,0.0095,0.0005,0.99,21.2276,4.4466,7.7784,7.7551,0.2095,0.3664,0.3653,0.157,0.0011,spectral2,33.5
llama-3.1-8b,"layers.24.mlp.down_proj (4096, 14336)",8x64,argmin,26.3082,24.7584,9.7411,8.8644,66.2903,64.4802,heade0,mse,0.5665,0.5519,0.0049,0.0006,0.9945,21.2993,5.8529,6.8241,6.7872,0.2748,0.3204,0.3187,0.0456,0.0017,marginal,24.0
llama-3.1-8b,"layers.24.mlp.down_proj (4096, 14336)",8x64,h1.5,12.546,14.8834,4.1864,4.9379,34.5442,41.6094,heade0,mse,0.5665,0.5519,0.0049,0.0006,0.9945,21.2993,4.6236,5.8832,5.8384,0.2171,0.2762,0.2741,0.0591,0.0021,marginal,21.9
