model,tensor,type_block,rule,purity_count_id,purity_count_se,purity_mass_id,purity_mass_se,purity_count_ct,purity_mass_ct,harmed_id,harmed_se,harmmass_id,harmmass_se,elected_id,elected_se,clip,metric,pos_share,rank1_sign_fit,row_share,col_share,resid_share,ceiling_pct_of_mse,identity_mse_cut,search_mse_cut,control_mse_cut,identity,search,control,lift_vs_identity,lift_vs_control,init,seconds
llama-3.1-8b,"layers.0.self_attn.q_proj (4096, 4096)",8x64,h1.5,0.63463,0.64895,0.74412,0.77491,0.64002,0.78117,0.7981,3.3362,0.2971,1.0046,1.8188,8.8135,heade0,mse,0.3764,0.7523,0.0978,0.0144,0.8878,13.7664,0.2822,2.2956,2.6308,0.0205,0.1668,0.1911,0.1463,-0.0244,spectral2,10.0
llama-3.1-8b,"layers.0.self_attn.v_proj (1024, 4096)",8x64,h1.5,0.6377,0.65306,0.75246,0.77761,0.64833,0.77236,0.1377,1.6899,0.0531,0.5505,0.354,5.2612,heade0,mse,0.3685,0.7561,0.0155,0.0055,0.979,12.202,0.0424,1.3205,1.1552,0.0035,0.1082,0.0947,0.1048,0.0135,spectral1,3.7
llama-3.1-8b,"layers.0.self_attn.o_proj (4096, 4096)",8x64,h1.5,0.58317,0.60238,0.61318,0.67064,0.59865,0.67398,9.5095,12.876,3.2609,3.846,25.9644,38.0981,heade0,mse,0.5531,0.5807,0.0629,0.0025,0.9346,20.0858,3.5622,6.9388,6.8439,0.1773,0.3455,0.3407,0.1681,0.0047,marginal,10.3
llama-3.1-8b,"layers.0.mlp.up_proj (14336, 4096)",8x64,h1.5,0.58146,0.60636,0.59884,0.66243,0.6053,0.66125,9.51,11.7346,3.1988,3.5572,25.9373,36.4275,heade0,mse,0.5507,0.549,0.0093,0.0012,0.9895,20.4318,3.3509,6.7548,6.7006,0.164,0.3306,0.3279,0.1666,0.0027,marginal,34.9
llama-3.1-8b,"layers.0.mlp.down_proj (4096, 14336)",8x64,h1.5,0.58296,0.5918,0.60384,0.62448,0.58905,0.62296,9.7176,12.9185,3.2193,4.1611,26.6654,36.0936,heade0,mse,0.5542,0.5612,0.0545,0.0014,0.9441,20.3357,3.419,4.8869,4.612,0.1681,0.2403,0.2268,0.0722,0.0135,marginal,24.6
llama-3.1-8b,"layers.8.self_attn.q_proj (4096, 4096)",8x64,h1.5,0.58366,0.60236,0.60652,0.67014,0.59943,0.68128,10.568,13.7303,3.2899,4.0775,28.7811,40.2405,heade0,mse,0.5549,0.566,0.0518,0.0018,0.9464,20.3292,3.5692,7.0088,7.4571,0.1756,0.3448,0.3668,0.1692,-0.0221,spectral2,10.0
llama-3.1-8b,"layers.8.self_attn.v_proj (1024, 4096)",8x64,h1.5,0.57895,0.59726,0.59812,0.65234,0.59414,0.65392,8.9256,13.6963,2.7937,4.296,24.1821,38.6353,heade0,mse,0.5442,0.5433,0.0057,0.0025,0.9918,19.9596,2.8838,5.9606,6.0303,0.1445,0.2986,0.3021,0.1542,-0.0035,spectral2,3.2
llama-3.1-8b,"layers.8.self_attn.o_proj (4096, 4096)",8x64,h1.5,0.58825,0.60677,0.6064,0.66437,0.60586,0.66417,12.545,15.0966,4.1255,4.4714,34.3048,44.5251,heade0,mse,0.5648,0.5557,0.0055,0.0006,0.9938,21.2664,4.8251,8.0803,8.0527,0.2269,0.38,0.3787,0.1531,0.0013,spectral2,10.2
llama-3.1-8b,"layers.8.mlp.up_proj (14336, 4096)",8x64,h1.5,0.58414,0.60838,0.60105,0.6632,0.60742,0.66233,10.5006,12.3687,3.5332,3.7447,28.7641,38.5114,heade0,mse,0.5568,0.5521,0.0156,0.001,0.9834,20.7298,3.7577,7.1552,7.0743,0.1813,0.3452,0.3413,0.1639,0.0039,marginal,35.5
llama-3.1-8b,"layers.8.mlp.down_proj (4096, 14336)",8x64,h1.5,0.58235,0.5923,0.60148,0.62731,0.58835,0.62061,10.1838,12.8473,3.4138,4.3957,27.6873,35.8442,heade0,mse,0.5526,0.5546,0.0575,0.0009,0.9416,20.6921,3.6545,5.1459,4.8761,0.1766,0.2487,0.2357,0.0721,0.013,marginal,24.3
llama-3.1-8b,"layers.16.self_attn.q_proj (4096, 4096)",8x64,h1.5,0.58465,0.60322,0.60561,0.66754,0.60099,0.67761,10.9913,13.8572,3.4729,4.1227,29.9622,40.7532,heade0,mse,0.5567,0.5578,0.0278,0.0019,0.9704,20.4925,3.7678,7.1194,7.525,0.1839,0.3474,0.3672,0.1636,-0.0198,spectral2,10.4
llama-3.1-8b,"layers.16.self_attn.v_proj (1024, 4096)",8x64,h1.5,0.58219,0.59854,0.62345,0.66214,0.59329,0.65356,8.6208,13.1077,3.0102,4.2637,23.6206,37.3657,heade0,mse,0.54,0.5855,0.0238,0.0085,0.9676,19.7914,3.2189,5.7594,5.1523,0.1626,0.291,0.2603,0.1284,0.0307,spectral1,3.2
llama-3.1-8b,"layers.16.self_attn.o_proj (4096, 4096)",8x64,h1.5,0.58882,0.60766,0.60564,0.66209,0.60685,0.66175,12.8304,15.2991,4.2116,4.5671,35.199,45.2393,heade0,mse,0.5668,0.5588,0.0085,0.0003,0.9911,21.3845,4.966,8.1625,8.1243,0.2322,0.3817,0.3799,0.1495,0.0018,spectral2,10.2
llama-3.1-8b,"layers.16.mlp.up_proj (14336, 4096)",8x64,h1.5,0.58409,0.60829,0.60033,0.66261,0.60752,0.66171,10.7156,12.5741,3.5986,3.8122,29.3187,38.964,heade0,mse,0.5569,0.5491,0.0078,0.001,0.9912,20.7959,3.8509,7.2328,7.1798,0.1852,0.3478,0.3453,0.1626,0.0025,marginal,35.1
llama-3.1-8b,"layers.16.mlp.down_proj (4096, 14336)",8x64,h1.5,0.58402,0.59309,0.6017,0.6262,0.59002,0.6205,10.6903,13.4282,3.5889,4.529,29.2419,37.4747,heade0,mse,0.5563,0.5527,0.0182,0.001,0.9808,20.8001,3.8645,5.3233,5.0721,0.1858,0.2559,0.2438,0.0701,0.0121,marginal,23.6
llama-3.1-8b,"layers.24.self_attn.q_proj (4096, 4096)",8x64,h1.5,0.58441,0.60541,0.6104,0.66851,0.60103,0.66946,10.2652,13.2673,3.466,4.0565,28.0365,39.5355,heade0,mse,0.5534,0.565,0.0188,0.0055,0.9757,20.5185,3.7734,7.0226,6.9675,0.1839,0.3423,0.3396,0.1584,0.0027,marginal,10.5
llama-3.1-8b,"layers.24.self_attn.v_proj (1024, 4096)",8x64,h1.5,0.58027,0.59752,0.61403,0.65873,0.59307,0.65248,8.2813,12.6232,2.8063,4.0591,22.6074,36.0962,heade0,mse,0.539,0.5716,0.0131,0.0084,0.9785,19.7788,2.9376,5.5922,5.2201,0.1485,0.2827,0.2639,0.1342,0.0188,marginal,3.2
llama-3.1-8b,"layers.24.self_attn.o_proj (4096, 4096)",8x64,h1.5,0.58908,0.60845,0.60444,0.65888,0.60827,0.65916,12.7265,15.026,4.2358,4.6129,34.9976,44.8639,heade0,mse,0.5669,0.5563,0.0072,0.0008,0.992,21.3077,4.6686,7.784,7.7683,0.2191,0.3653,0.3646,0.1462,0.0007,spectral2,10.2
llama-3.1-8b,"layers.24.mlp.up_proj (14336, 4096)",8x64,h1.5,0.58798,0.61167,0.60294,0.66353,0.61107,0.66339,12.1408,13.5003,4.0706,4.0791,33.4429,41.9285,heade0,mse,0.5646,0.5554,0.0095,0.0005,0.99,21.2276,4.4466,7.7789,7.7625,0.2095,0.3665,0.3657,0.157,0.0008,spectral2,35.1
llama-3.1-8b,"layers.24.mlp.down_proj (4096, 14336)",8x64,h1.5,0.58897,0.59518,0.60423,0.6233,0.59504,0.62244,12.546,14.8834,4.1864,4.9379,34.5442,41.6094,heade0,mse,0.5665,0.5519,0.0049,0.0006,0.9945,21.2993,4.6236,5.8832,5.8384,0.2171,0.2762,0.2741,0.0591,0.0021,marginal,23.4
