key,group,fine,shape,signal,nmse_nvfp4,nmse_nvfp4_4over6,nmse_mixfp4,nmse_mix_4_6,e0m3_mixfp4,e0m3_mix_4_6
model.decoder.layers.0.experts.down_proj,moe_experts,expert_down,128x2816x704,480560.6806640625,0.00899538759215216,0.007556860007674203,0.007614112653637448,0.007291337299427121,0.9124220772646368,0.4611614430323243
model.decoder.layers.0.experts.gate_up_proj,moe_experts,expert_gate_up,128x1408x2816,380506.3923339844,0.008993091597473035,0.007551410647584621,0.007652097033217966,0.007285057149000479,0.8710584053769708,0.4339569152216427
model.decoder.layers.0.mlp.down_proj.weight,dense_mlp,down_proj,2816x2112,8506.5478515625,0.00873844489338119,0.007551716357918217,0.00836461070028201,0.007522892270200862,0.4496384263038635,0.08023416250944138
model.decoder.layers.0.mlp.gate_proj.weight,dense_mlp,gate_proj,2112x2816,6265.23388671875,0.008902269918423055,0.00754359793266397,0.008000008660531256,0.007416502931643411,0.7316632270812988,0.2586088180541992
model.decoder.layers.0.mlp.up_proj.weight,dense_mlp,up_proj,2112x2816,6519.0693359375,0.008927588694495581,0.00755849559237046,0.00797005544468624,0.0074233886328375276,0.7735881805419922,0.2722107470035553
model.decoder.layers.0.self_attn.k_proj.weight,attention,k_proj,2048x2816,7066.9140625,0.009000817209100507,0.007554747050377806,0.007646811545812075,0.0072899162857284995,0.8901811242103577,0.48544034361839294
model.decoder.layers.0.self_attn.o_proj.weight,attention,o_proj,2816x4096,10393.306640625,0.009010149671428783,0.0075537813795894405,0.007541957745209742,0.007241616731245864,0.9133079051971436,0.48779296875
model.decoder.layers.0.self_attn.q_proj.weight,attention,q_proj,4096x2816,12301.5078125,0.008993809729720633,0.007555932583650188,0.007613142928045533,0.007277444820264665,0.905406653881073,0.48073509335517883
model.decoder.layers.0.self_attn.v_proj.weight,attention,v_proj,2048x2816,7069.525390625,0.008957279010446467,0.007544330902031359,0.007752201073765947,0.0073398029963694855,0.8548473119735718,0.36869674921035767
model.decoder.layers.1.experts.down_proj,moe_experts,expert_down,128x2816x704,508496.90966796875,0.009014472212980778,0.007559068266771342,0.007555095439850701,0.007265693923558867,0.925867972895503,0.49926553829573095
model.decoder.layers.1.experts.gate_up_proj,moe_experts,expert_gate_up,128x1408x2816,467228.24670410156,0.009001529331809451,0.007558398532917644,0.007674797582672397,0.007322250222135008,0.8992516030557454,0.4324234708910808
model.decoder.layers.1.mlp.down_proj.weight,dense_mlp,down_proj,2816x2112,8640.560546875,0.008777177884125267,0.007549433644622575,0.008298639264262143,0.007501479300139445,0.5154958963394165,0.1082988977432251
model.decoder.layers.1.mlp.gate_proj.weight,dense_mlp,gate_proj,2112x2816,6940.37109375,0.00888279185556653,0.007539706566750247,0.00794664814427869,0.007398528542171455,0.7567148804664612,0.2906336188316345
model.decoder.layers.1.mlp.up_proj.weight,dense_mlp,up_proj,2112x2816,7086.2236328125,0.008880716645710144,0.007536591858956081,0.007988122344287916,0.007415012045406656,0.7477617263793945,0.2590392529964447
model.decoder.layers.1.self_attn.k_proj.weight,attention,k_proj,2048x2816,6790.90234375,0.008890963174320999,0.0075434434150397104,0.007881196995448874,0.007375920690509074,0.7967862486839294,0.35458096861839294
model.decoder.layers.1.self_attn.o_proj.weight,attention,o_proj,2816x4096,11634.1474609375,0.009022552933608105,0.007555380728009134,0.007568279841668606,0.007257169876912211,0.9110440611839294,0.4838423430919647
model.decoder.layers.1.self_attn.q_proj.weight,attention,q_proj,4096x2816,12485.1875,0.008895953692430217,0.00754305473079349,0.007902944090309517,0.0073858713982319045,0.7701083421707153,0.32395243644714355
model.decoder.layers.1.self_attn.v_proj.weight,attention,v_proj,2048x2816,7500.8310546875,0.008930274701982892,0.007551901129673001,0.007815033186915095,0.00737356548284819,0.8314986228942871,0.34765625
model.decoder.layers.10.experts.down_proj,moe_experts,expert_down,128x2816x704,527486.6853027344,0.008976019569950009,0.007547815965808431,0.007683256732477377,0.0073167872733900735,0.8881432008929551,0.4217983091948554
model.decoder.layers.10.experts.gate_up_proj,moe_experts,expert_gate_up,128x1408x2816,529716.4580078125,0.00901214805775008,0.007556499566036815,0.00757571385194441,0.007274612033885249,0.9194900500588119,0.48377673397772014
model.decoder.layers.10.mlp.down_proj.weight,dense_mlp,down_proj,2816x2112,6533.82470703125,0.008776255349547088,0.007515795115307789,0.008226942304928686,0.007463867367103264,0.5647382736206055,0.12465564906597137
model.decoder.layers.10.mlp.gate_proj.weight,dense_mlp,gate_proj,2112x2816,6251.98876953125,0.008878467568483872,0.007548944948025523,0.008088784765988136,0.007448223213816416,0.684745192527771,0.2095385640859604
model.decoder.layers.10.mlp.up_proj.weight,dense_mlp,up_proj,2112x2816,6922.52001953125,0.008829113743527427,0.007533989055478112,0.00810908448429714,0.007449354544839607,0.6636536121368408,0.18724173307418823
model.decoder.layers.10.self_attn.k_proj.weight,attention,k_proj,2048x2816,6182.6708984375,0.00890500896967409,0.007546826713715171,0.007859168515358025,0.007371261089186557,0.8125888109207153,0.35990768671035767
model.decoder.layers.10.self_attn.o_proj.weight,attention,o_proj,2816x4096,15250.5078125,0.008987082469397792,0.007554280859307963,0.007585634875759772,0.007255822880193539,0.8972834348678589,0.47354406118392944
model.decoder.layers.10.self_attn.q_proj.weight,attention,q_proj,4096x2816,12925.3251953125,0.008900443766601616,0.007545519228428504,0.007836276550026357,0.007364565168059344,0.807750403881073,0.3424627184867859
model.decoder.layers.10.self_attn.v_proj.weight,attention,v_proj,2048x2816,7324.2666015625,0.008852123416127015,0.007560585500008067,0.008164605512077322,0.007465075186508781,0.6300603747367859,0.1775568276643753
model.decoder.layers.8.experts.down_proj,moe_experts,expert_down,128x2816x704,528977.5219726562,0.00897332960655371,0.007549768518977915,0.007702504234473703,0.007320578734600031,0.8768683448433876,0.41244025877676904
model.decoder.layers.8.experts.gate_up_proj,moe_experts,expert_gate_up,128x1408x2816,522358.70263671875,0.009002961807689868,0.007554625714830182,0.007612440397571843,0.007292208232676994,0.9133088546805084,0.46306008915416896
model.decoder.layers.8.mlp.down_proj.weight,dense_mlp,down_proj,2816x2112,7107.19091796875,0.008766505628755318,0.0075605902142876725,0.008405196355995905,0.007531730901945357,0.4086604714393616,0.06861226260662079
model.decoder.layers.8.mlp.gate_proj.weight,dense_mlp,gate_proj,2112x2816,7689.80517578125,0.008937933158191068,0.007578452720065331,0.008055976617085285,0.007453073490856813,0.7061811685562134,0.24044421315193176
model.decoder.layers.8.mlp.up_proj.weight,dense_mlp,up_proj,2112x2816,8737.0830078125,0.008876597007379085,0.0075431902583758415,0.008033617609947185,0.007427601270312771,0.7134986519813538,0.23579545319080353
model.decoder.layers.8.self_attn.k_proj.weight,attention,k_proj,2048x2816,6842.607421875,0.008902423153551607,0.007534314398415546,0.007795169811098599,0.007348563718364795,0.8680753111839294,0.3979048430919647
model.decoder.layers.8.self_attn.o_proj.weight,attention,o_proj,2816x4096,13595.2568359375,0.0090259627201525,0.0075697731117161365,0.007591419531405391,0.007273307006989096,0.90576171875,0.4742986559867859
model.decoder.layers.8.self_attn.q_proj.weight,attention,q_proj,4096x2816,13422.603515625,0.008962914583870812,0.007548773659585998,0.007786650349886422,0.007353052281759154,0.8440163731575012,0.369140625
model.decoder.layers.8.self_attn.v_proj.weight,attention,v_proj,2048x2816,7463.2822265625,0.008869868742820483,0.007548571572925838,0.008079365883346085,0.007450666416058252,0.7090731859207153,0.21590909361839294
model.decoder.layers.9.experts.down_proj,moe_experts,expert_down,128x2816x704,527789.1232910156,0.008981123997293547,0.007551005125382419,0.007663017873464051,0.007306305318352685,0.8904615300707519,0.43400130420923233
model.decoder.layers.9.experts.gate_up_proj,moe_experts,expert_gate_up,128x1408x2816,487079.7822265625,0.009002015111614478,0.0075549275437938246,0.0076134666205535835,0.0072931635198847595,0.9132210840471089,0.46229235897772014
model.decoder.layers.9.mlp.down_proj.weight,dense_mlp,down_proj,2816x2112,8033.626953125,0.008742480338382342,0.007540748366789304,0.008313563857073429,0.007501388777628314,0.47865015268325806,0.09848485141992569
model.decoder.layers.9.mlp.gate_proj.weight,dense_mlp,gate_proj,2112x2816,7427.662109375,0.008894637303202791,0.0075447749557384595,0.008014422118030072,0.007419654589066473,0.7199552655220032,0.23923897743225098
model.decoder.layers.9.mlp.up_proj.weight,dense_mlp,up_proj,2112x2816,8261.2119140625,0.008870774511757872,0.00754635677043899,0.008074822165508736,0.007447264458363344,0.6979166865348816,0.21410124003887177
model.decoder.layers.9.self_attn.k_proj.weight,attention,k_proj,2048x2816,7090.65625,0.008931147628811684,0.007540039617704968,0.007792845098536917,0.0073418239121907794,0.8491654992103577,0.3969282805919647
model.decoder.layers.9.self_attn.o_proj.weight,attention,o_proj,2816x4096,14335.568359375,0.008991742089816753,0.007549950664601582,0.00754507038737101,0.007233845475551073,0.9052290916442871,0.4860174059867859
model.decoder.layers.9.self_attn.q_proj.weight,attention,q_proj,4096x2816,14246.30078125,0.008925109576485454,0.007552139957247674,0.007830887063130149,0.007372490949370629,0.8351384997367859,0.34738993644714355
model.decoder.layers.9.self_attn.v_proj.weight,attention,v_proj,2048x2816,7668.57275390625,0.008867883926234287,0.007554327757836447,0.008100310544501811,0.007461542724570155,0.6885653734207153,0.20703125
model.decoder.layers.11.experts.down_proj,moe_experts,expert_down,128x2816x704,527911.2150878906,0.008980334236249915,0.0075508904109247415,0.007666728693468199,0.007309324082940523,0.8928202125243843,0.4324618052924052
model.decoder.layers.11.experts.gate_up_proj,moe_experts,expert_gate_up,128x1408x2816,494767.09130859375,0.008990329211364459,0.007552251922864337,0.007640981626723043,0.007299916858253321,0.8979552322998643,0.44534678058698773
model.decoder.layers.11.mlp.down_proj.weight,dense_mlp,down_proj,2816x2112,6713.3916015625,0.008795704873930705,0.007542208126233815,0.008231487634105862,0.007482728912942633,0.5647382736206055,0.14161501824855804
model.decoder.layers.11.mlp.gate_proj.weight,dense_mlp,gate_proj,2112x2816,6582.68017578125,0.008887156428531637,0.007543224804653903,0.008040356801061676,0.0074302073862673335,0.7122073173522949,0.23011364042758942
model.decoder.layers.11.mlp.up_proj.weight,dense_mlp,up_proj,2112x2816,7452.4765625,0.008895685991286454,0.007540843561009501,0.008040510841581344,0.007435469031896905,0.7223657369613647,0.2248622626066208
model.decoder.layers.11.self_attn.k_proj.weight,attention,k_proj,1024x2816,3339.75048828125,0.00881664502162999,0.007553928726299229,0.008223169704921585,0.007494756523902933,0.6024503111839294,0.14737215638160706
model.decoder.layers.11.self_attn.o_proj.weight,attention,o_proj,2816x8192,25089.5078125,0.008984702076035894,0.007566275238349758,0.007812592442464588,0.007363193739827437,0.8358709216117859,0.3528498113155365
model.decoder.layers.11.self_attn.q_proj.weight,attention,q_proj,8192x2816,29349.298828125,0.00888600667132899,0.007544201447596338,0.007998958538591045,0.007415332046502655,0.7446067333221436,0.27390360832214355
model.decoder.layers.12.experts.down_proj,moe_experts,expert_down,128x2816x704,511628.3447265625,0.008978399834456679,0.0075490175272556505,0.007662072921625896,0.0073072468310479664,0.8947652666829526,0.4345137975178659
model.decoder.layers.12.experts.gate_up_proj,moe_experts,expert_gate_up,128x1408x2816,485693.89892578125,0.008992920023321981,0.007553592949820087,0.007642241148253022,0.007302777220009723,0.90239617228508,0.4470991474809125
model.decoder.layers.12.mlp.down_proj.weight,dense_mlp,down_proj,2816x2112,6704.54150390625,0.008814272730536764,0.007536264030488604,0.008153841743524333,0.007460841653799703,0.6358470916748047,0.1688188761472702
model.decoder.layers.12.mlp.gate_proj.weight,dense_mlp,gate_proj,2112x2816,6591.5849609375,0.008880639662786197,0.007549975356615168,0.008017503118248394,0.00743046630628718,0.7256370782852173,0.2437155693769455
model.decoder.layers.12.mlp.up_proj.weight,dense_mlp,up_proj,2112x2816,7409.34130859375,0.008876769015385259,0.007528530005705029,0.008019655446424623,0.0074193442819653795,0.7333850264549255,0.22159090638160706
model.decoder.layers.12.self_attn.k_proj.weight,attention,k_proj,2048x2816,6288.150390625,0.008897628019731433,0.007542777991792598,0.007879473999024082,0.007380793124732686,0.796519935131073,0.3367365300655365
model.decoder.layers.12.self_attn.o_proj.weight,attention,o_proj,2816x4096,12779.71484375,0.009028852019435709,0.007570654736724185,0.007577672384129573,0.0072585064369742455,0.9039861559867859,0.47727274894714355
model.decoder.layers.12.self_attn.q_proj.weight,attention,q_proj,4096x2816,12658.5087890625,0.008988958630492875,0.007558020075197999,0.007799674959631048,0.007359164144740217,0.8434836864471436,0.37428978085517883
model.decoder.layers.12.self_attn.v_proj.weight,attention,v_proj,2048x2816,6734.25146484375,0.00887475382016506,0.00754812484052963,0.008017575089471986,0.007434341326555657,0.7445845603942871,0.234375
model.decoder.layers.13.experts.down_proj,moe_experts,expert_down,128x2816x704,512215.4689941406,0.008985798023991656,0.007551057821325375,0.007648732984069036,0.007304184393211719,0.9015164556913078,0.4415434339316562
model.decoder.layers.13.experts.gate_up_proj,moe_experts,expert_gate_up,128x1408x2816,476050.658203125,0.008996296954591695,0.0075543906558542834,0.007626280912365726,0.0072962478204677775,0.9070187020115554,0.4561928797047585
model.decoder.layers.13.mlp.down_proj.weight,dense_mlp,down_proj,2816x2112,6922.51953125,0.008879417530957896,0.007547556590385206,0.00809086934272486,0.007450030114118889,0.6850895285606384,0.20876377820968628
model.decoder.layers.13.mlp.gate_proj.weight,dense_mlp,gate_proj,2112x2816,6289.0283203125,0.008889511142529501,0.0075470185251394995,0.007999450259046439,0.007424229984169169,0.7398415803909302,0.24853651225566864
model.decoder.layers.13.mlp.up_proj.weight,dense_mlp,up_proj,2112x2816,7078.6064453125,0.008871036840002467,0.007540521591005192,0.007973496827202565,0.007419143990516373,0.7643767595291138,0.2530991733074188
model.decoder.layers.13.self_attn.k_proj.weight,attention,k_proj,2048x2816,5948.7509765625,0.008916208206661358,0.007557331022087915,0.00795386068192164,0.0074004608208688765,0.7638494372367859,0.32688212394714355
model.decoder.layers.13.self_attn.o_proj.weight,attention,o_proj,2816x4096,13701.849609375,0.008984302558376657,0.007550424470272105,0.0075768024642972045,0.0072509610447637155,0.9032759666442871,0.47616299986839294
model.decoder.layers.13.self_attn.q_proj.weight,attention,q_proj,4096x2816,12421.80078125,0.008963485896220763,0.007551479867332541,0.007782204270638724,0.007345592237815258,0.8373579978942871,0.3704279363155365
model.decoder.layers.13.self_attn.v_proj.weight,attention,v_proj,2048x2816,6621.0244140625,0.00891850231764964,0.007552610663400752,0.007914360856507494,0.007400812659690094,0.7991832494735718,0.28391337394714355
model.decoder.layers.14.experts.down_proj,moe_experts,expert_down,128x2816x704,506419.47314453125,0.008985657660334533,0.0075512896700352375,0.007638396574668179,0.007298759702446195,0.9017525315284729,0.44971508299931884
model.decoder.layers.14.experts.gate_up_proj,moe_experts,expert_gate_up,128x1408x2816,554876.056640625,0.008998445466625067,0.007554471546176137,0.0076215787064473186,0.007292973472385132,0.9062721580266953,0.4589460206916556
model.decoder.layers.14.mlp.down_proj.weight,dense_mlp,down_proj,2816x2112,6724.7265625,0.008893170246815333,0.007552691818832666,0.008059308752606693,0.00744622084896865,0.7056646347045898,0.22038567066192627
model.decoder.layers.14.mlp.gate_proj.weight,dense_mlp,gate_proj,2112x2816,5772.5810546875,0.00884712587079477,0.0075397376109835644,0.00807360930507621,0.007442629899809224,0.6959366202354431,0.2048037201166153
model.decoder.layers.14.mlp.up_proj.weight,dense_mlp,up_proj,2112x2816,6614.3955078125,0.008962298889466497,0.0075700130301436215,0.008088127982275874,0.007468103724881854,0.720643937587738,0.2207300364971161
model.decoder.layers.14.self_attn.k_proj.weight,attention,k_proj,2048x2816,6005.5234375,0.008839410844687898,0.007527251575128755,0.007915423694024511,0.007377396267165188,0.7609197497367859,0.31436434388160706
model.decoder.layers.14.self_attn.o_proj.weight,attention,o_proj,2816x4096,13732.677734375,0.00900436017157126,0.0075550800877554405,0.00756277966251091,0.007243754818748221,0.9074041247367859,0.4854847490787506
model.decoder.layers.14.self_attn.q_proj.weight,attention,q_proj,4096x2816,12584.462890625,0.008929488605896563,0.0075492210010251045,0.007799611017041879,0.007355852912623996,0.8251065611839294,0.349609375
model.decoder.layers.14.self_attn.v_proj.weight,attention,v_proj,2048x2816,7035.720703125,0.00892301351654462,0.007559206733725417,0.0080064516573698,0.007434585993447499,0.7470703125,0.23881392180919647
model.decoder.layers.15.experts.down_proj,moe_experts,expert_down,128x2816x704,496549.1799316406,0.008988349335907468,0.007551978578600323,0.00764535895724849,0.007301234498648183,0.9008566737174988,0.4431495170574635
model.decoder.layers.15.experts.gate_up_proj,moe_experts,expert_gate_up,128x1408x2816,500704.79638671875,0.00897784854405127,0.007552505269194896,0.007704955716569553,0.007325369029342831,0.8788577900268137,0.4150198783027008
model.decoder.layers.15.mlp.down_proj.weight,dense_mlp,down_proj,2816x2112,6799.79052734375,0.008858578873961465,0.007542240568898212,0.008093066724036693,0.00744638381050772,0.6807851195335388,0.21117424964904785
model.decoder.layers.15.mlp.gate_proj.weight,dense_mlp,gate_proj,2112x2816,6229.3486328125,0.008888169726595048,0.007561587923800721,0.008134646596143538,0.007464090477943291,0.6394628286361694,0.19197659194469452
model.decoder.layers.15.mlp.up_proj.weight,dense_mlp,up_proj,2112x2816,7427.45068359375,0.008906171081080601,0.0075959983787508584,0.008201718804143124,0.00751517864638401,0.6477273106575012,0.18362604081630707
model.decoder.layers.15.self_attn.k_proj.weight,attention,k_proj,2048x2816,5402.13427734375,0.008903858324766931,0.007538291377621204,0.00792038291705273,0.007389110905059497,0.7741477489471436,0.3117009997367859
model.decoder.layers.15.self_attn.o_proj.weight,attention,o_proj,2816x4096,10944.3037109375,0.009042405970544929,0.007564801124380932,0.007582431061633357,0.0072679189762047125,0.9137961864471436,0.47660690546035767
model.decoder.layers.15.self_attn.q_proj.weight,attention,q_proj,4096x2816,11645.2412109375,0.008925238393298228,0.007549557659684788,0.007858836883645219,0.0073660124462388114,0.7859552502632141,0.3390003740787506
model.decoder.layers.15.self_attn.v_proj.weight,attention,v_proj,2048x2816,5906.6064453125,0.008973331532571198,0.0075633501522725565,0.007820581987859529,0.007375097443689327,0.843394935131073,0.3466796875
model.decoder.layers.16.experts.down_proj,moe_experts,expert_down,128x2816x704,496487.66357421875,0.008979484138860223,0.007550821404220685,0.007663274155474098,0.007307041747435662,0.8927374850027263,0.4338277829810977
model.decoder.layers.16.experts.gate_up_proj,moe_experts,expert_gate_up,128x1408x2816,479463.3356933594,0.008974240092137917,0.007551418206249674,0.007713736113450957,0.00732592109807923,0.8711350751109421,0.4110087070148438
model.decoder.layers.16.mlp.down_proj.weight,dense_mlp,down_proj,2816x2112,7107.6376953125,0.008809380904172874,0.007530998775318859,0.008154170568432862,0.0074556895496852875,0.618026852607727,0.17174586653709412
model.decoder.layers.16.mlp.gate_proj.weight,dense_mlp,gate_proj,2112x2816,5392.8779296875,0.008871781162972287,0.007550776700978414,0.008072315553535868,0.007443053804324896,0.6905992031097412,0.21866391599178314
model.decoder.layers.16.mlp.up_proj.weight,dense_mlp,up_proj,2112x2816,6421.1611328125,0.008860181114833476,0.007551967645734342,0.008157716389626037,0.007470603341475459,0.6377410292625427,0.18250688910484314
model.decoder.layers.16.self_attn.k_proj.weight,attention,k_proj,2048x2816,5113.5791015625,0.008954035813421869,0.007538452538335716,0.007814641747615925,0.007351719897188953,0.8347834348678589,0.36869674921035767
model.decoder.layers.16.self_attn.o_proj.weight,attention,o_proj,2816x4096,10562.91015625,0.009004891405844078,0.007556569664454598,0.007594866473842546,0.0072701922748007195,0.9090909361839294,0.46444424986839294
model.decoder.layers.16.self_attn.q_proj.weight,attention,q_proj,4096x2816,11389.2060546875,0.008944906342070904,0.0075427435844417174,0.007772434513018469,0.007342061783330862,0.8510298728942871,0.3803267180919647
model.decoder.layers.16.self_attn.v_proj.weight,attention,v_proj,2048x2816,5958.0576171875,0.008870780137922139,0.007558658617793885,0.008112449600896632,0.007460910986893898,0.6356534361839294,0.1845703125
model.decoder.layers.17.experts.down_proj,moe_experts,expert_down,128x2816x704,502379.30712890625,0.008981858011237864,0.007554869477005798,0.007664976600306414,0.007308392258673776,0.8919727797619998,0.4337006687419489
model.decoder.layers.17.experts.gate_up_proj,moe_experts,expert_gate_up,128x1408x2816,454477.9870605469,0.008969682536875407,0.007550279878278964,0.00772946025411242,0.007330689250263344,0.863610097207129,0.40119566733483225
model.decoder.layers.17.mlp.down_proj.weight,dense_mlp,down_proj,2816x2112,6189.86962890625,0.0088383719671988,0.007539573307350018,0.008155336960403343,0.007465958576233392,0.6344696879386902,0.1686466932296753
model.decoder.layers.17.mlp.gate_proj.weight,dense_mlp,gate_proj,2112x2816,5627.4580078125,0.008891687434501278,0.007567793563559118,0.008100674990416515,0.007457544431105366,0.6621900796890259,0.20928031206130981
model.decoder.layers.17.mlp.up_proj.weight,dense_mlp,up_proj,2112x2816,7075.662109375,0.008845337093356711,0.0075593367080129155,0.008221536914990288,0.007497263508701565,0.6099345684051514,0.15108470618724823
model.decoder.layers.17.self_attn.k_proj.weight,attention,k_proj,1024x2816,3074.389892578125,0.008763651807106355,0.00752448593534461,0.008207044650309732,0.007466598359240007,0.580078125,0.13600853085517883
model.decoder.layers.17.self_attn.o_proj.weight,attention,o_proj,2816x8192,24062.158203125,0.00898115879791312,0.0075684503939788105,0.007852408364161017,0.007392031238268401,0.8386452794075012,0.33334073424339294
model.decoder.layers.17.self_attn.q_proj.weight,attention,q_proj,8192x2816,27169.47265625,0.008904636030212562,0.007543833954734353,0.007920312148428879,0.007390869066737499,0.7856889367103577,0.29671964049339294
model.decoder.layers.18.experts.down_proj,moe_experts,expert_down,128x2816x704,497768.22412109375,0.009003049491874877,0.007556207013284039,0.007609331504448495,0.0072855287263377064,0.9104850953444839,0.46344748896081
model.decoder.layers.18.experts.gate_up_proj,moe_experts,expert_gate_up,128x1408x2816,466822.2978515625,0.00899192717269987,0.007554333841649268,0.007651668764312623,0.007303471960732367,0.8949075122363865,0.4442108201328665
model.decoder.layers.18.mlp.down_proj.weight,dense_mlp,down_proj,2816x2112,7189.7353515625,0.0089018245123901,0.007550571334709898,0.008060133370205924,0.007445864917147371,0.7061811685562134,0.22451791167259216
model.decoder.layers.18.mlp.gate_proj.weight,dense_mlp,gate_proj,2112x2816,5020.14013671875,0.008890672807004832,0.007547203570004689,0.007960011441219144,0.0074017263239079855,0.7449207901954651,0.2722107470035553
model.decoder.layers.18.mlp.up_proj.weight,dense_mlp,up_proj,2112x2816,6162.7705078125,0.008898686206725523,0.007560755268412565,0.008011762991118068,0.007439550092050346,0.7440599203109741,0.2530991733074188
model.decoder.layers.18.self_attn.k_proj.weight,attention,k_proj,2048x2816,6034.8916015625,0.00895002712699861,0.007546284341514005,0.007851609724714466,0.007378810750641331,0.8370028734207153,0.34889915585517883
model.decoder.layers.18.self_attn.o_proj.weight,attention,o_proj,2816x4096,11811.9140625,0.009014232037592804,0.007557713056203185,0.007537232646295286,0.007248048586652777,0.9256037473678589,0.5005326867103577
model.decoder.layers.18.self_attn.q_proj.weight,attention,q_proj,4096x2816,13806.91015625,0.008942065540734952,0.007541102982605517,0.007861914838485258,0.007365077056601527,0.8085494041442871,0.31201171875
model.decoder.layers.18.self_attn.v_proj.weight,attention,v_proj,2048x2816,6784.2099609375,0.008805518636306646,0.007537758081473942,0.008090223183112324,0.007414663679707201,0.5537109375,0.1923828125
model.decoder.layers.19.experts.down_proj,moe_experts,expert_down,128x2816x704,503155.32177734375,0.008997643797923421,0.007555013410117183,0.007607817890435095,0.007286564160394947,0.9115363131277263,0.467018800904043
model.decoder.layers.19.experts.gate_up_proj,moe_experts,expert_gate_up,128x1408x2816,502312.8845214844,0.00899497565539815,0.00755293579529934,0.007628558952907816,0.0072920262095589735,0.8967062830924988,0.45343267964199185
model.decoder.layers.19.mlp.down_proj.weight,dense_mlp,down_proj,2816x2112,6436.509765625,0.008886048949087436,0.007546184573142774,0.008020588412340733,0.007435600303201979,0.7280475497245789,0.23364324867725372
model.decoder.layers.19.mlp.gate_proj.weight,dense_mlp,gate_proj,2112x2816,5147.0869140625,0.0089100144133979,0.007558389273969252,0.007982755505664707,0.007416315507985118,0.7342458963394165,0.2662706673145294
model.decoder.layers.19.mlp.up_proj.weight,dense_mlp,up_proj,2112x2816,6378.6435546875,0.008911142773638412,0.007560184849927224,0.008034899291053168,0.00744629790230951,0.7318354249000549,0.24354338645935059
model.decoder.layers.19.self_attn.k_proj.weight,attention,k_proj,2048x2816,5728.4052734375,0.008870845108335704,0.007539504735174748,0.007886860024323688,0.007382094344810938,0.8151633739471436,0.35537996888160706
model.decoder.layers.19.self_attn.o_proj.weight,attention,o_proj,2816x4096,10560.064453125,0.009021586927958425,0.007563503658064276,0.007543735266110733,0.007230020234649151,0.9025213122367859,0.48006924986839294
model.decoder.layers.19.self_attn.q_proj.weight,attention,q_proj,4096x2816,12260.0478515625,0.008946714594908561,0.007547334147118965,0.007818253138429425,0.007352443704697256,0.8255948424339294,0.35205078125
model.decoder.layers.19.self_attn.v_proj.weight,attention,v_proj,2048x2816,5879.70947265625,0.008860484800872306,0.007633376840332031,0.008135445001492736,0.007528752300869192,0.5981001853942871,0.1798650622367859
model.decoder.layers.2.experts.down_proj,moe_experts,expert_down,128x2816x704,510824.0676269531,0.009000873366528184,0.007555619994107675,0.007600502758949188,0.007282910117565421,0.9137053322046995,0.47363884549122304
model.decoder.layers.2.experts.gate_up_proj,moe_experts,expert_gate_up,128x1408x2816,463271.3876953125,0.008999078492352064,0.007555843579594483,0.007648674297502462,0.007311908099356862,0.9098172406665981,0.44586331059690565
model.decoder.layers.2.mlp.down_proj.weight,dense_mlp,down_proj,2816x2112,8289.7265625,0.008699918965610672,0.007517313682751618,0.008339295317410952,0.007489452129188519,0.4206267297267914,0.07730716466903687
model.decoder.layers.2.mlp.gate_proj.weight,dense_mlp,gate_proj,2112x2816,7232.98974609375,0.008870030197129404,0.007540598140653687,0.008170403811630237,0.007467119362016067,0.6490185856819153,0.1668388396501541
model.decoder.layers.2.mlp.up_proj.weight,dense_mlp,up_proj,2112x2816,7201.3515625,0.008825593554656352,0.007542696842796437,0.008201610849417373,0.007479392169018294,0.616132915019989,0.15203168988227844
model.decoder.layers.2.self_attn.k_proj.weight,attention,k_proj,2048x2816,7199.9736328125,0.00888303830865266,0.007548778415868765,0.007859478168865364,0.0073706939200488064,0.7923473119735718,0.3676314055919647
model.decoder.layers.2.self_attn.o_proj.weight,attention,o_proj,2816x4096,14230.310546875,0.00902326224220994,0.0075637818046700766,0.0075886628457576865,0.0072758060573758785,0.9082919359207153,0.4779829680919647
model.decoder.layers.2.self_attn.q_proj.weight,attention,q_proj,4096x2816,13880.833984375,0.008915748597119988,0.007539707271520266,0.007795394254273998,0.007347223386471651,0.8319424986839294,0.3780628740787506
model.decoder.layers.2.self_attn.v_proj.weight,attention,v_proj,2048x2816,8531.1083984375,0.008854560458020423,0.007552341935906674,0.008130207346619192,0.00746106894016098,0.6616654992103577,0.19948509335517883
model.decoder.layers.3.experts.down_proj,moe_experts,expert_down,128x2816x704,513400.7302246094,0.008998437174726561,0.007554655304353808,0.007599074437303583,0.007279869591224734,0.9110076767392457,0.4769115410745144
model.decoder.layers.3.experts.gate_up_proj,moe_experts,expert_gate_up,128x1408x2816,469629.03552246094,0.008986447653628465,0.0075545397951087435,0.007684594277449095,0.007323715953842354,0.8956429585814476,0.42674568737857044
model.decoder.layers.3.mlp.down_proj.weight,dense_mlp,down_proj,2816x2112,9312.810546875,0.008701586267362308,0.007534857465428481,0.00837260381837099,0.007511229045633755,0.4001377522945404,0.061208680272102356
model.decoder.layers.3.mlp.gate_proj.weight,dense_mlp,gate_proj,2112x2816,7454.689453125,0.008865483203407775,0.007545655543739377,0.008145201001604485,0.00746185152009497,0.6605544090270996,0.1887052357196808
model.decoder.layers.3.mlp.up_proj.weight,dense_mlp,up_proj,2112x2816,8068.46923828125,0.008830032119509387,0.007558905939612902,0.008273112089976989,0.007511129493213751,0.5854855179786682,0.12568870186805725
model.decoder.layers.3.self_attn.k_proj.weight,attention,k_proj,2048x2816,7089.935546875,0.008909055189230332,0.0075440601647168756,0.007848344491131932,0.007355832466666409,0.8095703125,0.3896484375
model.decoder.layers.3.self_attn.o_proj.weight,attention,o_proj,2816x4096,14064.619140625,0.009040916229984788,0.007574611043856585,0.007549302900187958,0.007255995320496842,0.9189009666442871,0.49338603019714355
model.decoder.layers.3.self_attn.q_proj.weight,attention,q_proj,4096x2816,13058.15625,0.008922904830905194,0.00753483262451509,0.0077991682921324315,0.007339111607986866,0.8216885924339294,0.37553268671035767
model.decoder.layers.3.self_attn.v_proj.weight,attention,v_proj,2048x2816,8094.068359375,0.008931474069673418,0.007546700228580536,0.007880903815800682,0.007389097629605785,0.8202237486839294,0.31649503111839294
model.decoder.layers.4.experts.down_proj,moe_experts,expert_down,128x2816x704,512257.69287109375,0.00898575659408921,0.007551952315002437,0.007657576795454802,0.007304739107108143,0.8933044555597007,0.4400140249636024
model.decoder.layers.4.experts.gate_up_proj,moe_experts,expert_gate_up,128x1408x2816,488464.67517089844,0.00899999393960474,0.007555305846674119,0.007637655335525597,0.0073067153187773536,0.9122182917781174,0.4495153322350234
model.decoder.layers.4.mlp.down_proj.weight,dense_mlp,down_proj,2816x2112,8117.16650390625,0.008713834272429843,0.007533516801986434,0.00834521152214241,0.007501229532024175,0.42458677291870117,0.07196969538927078
model.decoder.layers.4.mlp.gate_proj.weight,dense_mlp,gate_proj,2112x2816,6976.7841796875,0.008856897127393909,0.0075457461580518085,0.008036177103205148,0.007426605491223893,0.6986914873123169,0.24061639606952667
model.decoder.layers.4.mlp.up_proj.weight,dense_mlp,up_proj,2112x2816,7642.5322265625,0.008849185843564356,0.0075464296688531095,0.008107128155031087,0.007454151071121945,0.6667527556419373,0.20824724435806274
model.decoder.layers.4.self_attn.k_proj.weight,attention,k_proj,2048x2816,6764.01953125,0.008956165383897392,0.007546985655227655,0.007753353188169941,0.00733795280483706,0.8598189353942871,0.4008345305919647
model.decoder.layers.4.self_attn.o_proj.weight,attention,o_proj,2816x4096,14689.2421875,0.00903723421370763,0.007574651612966919,0.0075887534766487805,0.007266972226332993,0.9000799059867859,0.47465378046035767
model.decoder.layers.4.self_attn.q_proj.weight,attention,q_proj,4096x2816,13235.751953125,0.008923266358798266,0.007538833285313438,0.00785557610593939,0.007362809779051914,0.8060635924339294,0.3399769365787506
model.decoder.layers.4.self_attn.v_proj.weight,attention,v_proj,2048x2816,8202.2470703125,0.008851922068802363,0.007562812749245426,0.008161844493833328,0.007472569181064735,0.6306818127632141,0.1935369372367859
model.decoder.layers.20.experts.down_proj,moe_experts,expert_down,128x2816x704,503140.88037109375,0.00900219158200522,0.0075560489448225614,0.007601404242889711,0.007282480999031171,0.9111630390398204,0.47181283799000084
model.decoder.layers.20.experts.gate_up_proj,moe_experts,expert_gate_up,128x1408x2816,483285.609375,0.008997917391463365,0.007554797311962848,0.0076271354832200796,0.00729271892221267,0.8969887623097748,0.45644105854444206
model.decoder.layers.20.mlp.down_proj.weight,dense_mlp,down_proj,2816x2112,6879.04638671875,0.008846752891249305,0.007547645674559299,0.008106904027792733,0.007458700443850981,0.6641701459884644,0.19266529381275177
model.decoder.layers.20.mlp.gate_proj.weight,dense_mlp,gate_proj,2112x2816,5467.3828125,0.008885931025167005,0.0075606415554781555,0.007992950386034009,0.007417748689404494,0.7153925895690918,0.26738980412483215
model.decoder.layers.20.mlp.up_proj.weight,dense_mlp,up_proj,2112x2816,6500.9951171875,0.008937152932115711,0.007568331025869087,0.008044500192203147,0.0074473631938334565,0.7111742496490479,0.2484504133462906
model.decoder.layers.20.self_attn.k_proj.weight,attention,k_proj,2048x2816,5928.90087890625,0.008930392270829077,0.007541917049849086,0.0077689870172994785,0.0073425676364017,0.8681640625,0.3966619372367859
model.decoder.layers.20.self_attn.o_proj.weight,attention,o_proj,2816x4096,10687.6904296875,0.00901179446615306,0.007563331805125913,0.007557718098498793,0.007261095379788098,0.9198331236839294,0.49063390493392944
model.decoder.layers.20.self_attn.q_proj.weight,attention,q_proj,4096x2816,13046.173828125,0.008916626984519078,0.007544046669199737,0.007792526761543023,0.0073383534244205635,0.8146306872367859,0.36572265625
model.decoder.layers.20.self_attn.v_proj.weight,attention,v_proj,2048x2816,6660.6796875,0.00885149688015722,0.007540041574445175,0.007960759746374772,0.007402794640149982,0.711558997631073,0.26731181144714355
model.decoder.layers.21.experts.down_proj,moe_experts,expert_down,128x2816x704,502268.5856933594,0.00900111413783678,0.007557381838097123,0.007620083745586122,0.007289874256181655,0.9051200547255576,0.46076799486763775
model.decoder.layers.21.experts.gate_up_proj,moe_experts,expert_gate_up,128x1408x2816,528900.4187011719,0.00899693757557653,0.00755466717802601,0.007633895146307501,0.007294341021693964,0.8943365071900189,0.4533196878619492
model.decoder.layers.21.mlp.down_proj.weight,dense_mlp,down_proj,2816x2112,7171.642578125,0.008852074897035062,0.007560066369934102,0.00813893989211524,0.007479252140285864,0.6577135324478149,0.1862947642803192
model.decoder.layers.21.mlp.gate_proj.weight,dense_mlp,gate_proj,2112x2816,6149.2724609375,0.008863827160542842,0.007581148768909241,0.008119287574908426,0.007462580774450102,0.6113981008529663,0.2085055112838745
model.decoder.layers.21.mlp.up_proj.weight,dense_mlp,up_proj,2112x2816,7547.9541015625,0.008856771134885604,0.007563132107469105,0.00813309571822999,0.0074685181450504295,0.6422176361083984,0.1931818276643753
model.decoder.layers.21.self_attn.k_proj.weight,attention,k_proj,2048x2816,6095.294921875,0.008893333252691385,0.0075386392674565515,0.007742222845105616,0.007329723507998453,0.845703125,0.40580612421035767
model.decoder.layers.21.self_attn.o_proj.weight,attention,o_proj,2816x4096,11731.0234375,0.009034605464876453,0.007570979514954671,0.0075980481702580165,0.007285901784281262,0.9110884666442871,0.4681285619735718
model.decoder.layers.21.self_attn.q_proj.weight,attention,q_proj,4096x2816,13580.609375,0.008970805848670957,0.007549161747160186,0.007737173502633005,0.007322438450559679,0.8496981859207153,0.38698509335517883
model.decoder.layers.21.self_attn.v_proj.weight,attention,v_proj,2048x2816,7097.6416015625,0.008827116671608431,0.007547080836366613,0.008069769122734844,0.007441895647486889,0.6304154992103577,0.21413353085517883
model.decoder.layers.22.experts.down_proj,moe_experts,expert_down,128x2816x704,497288.5495605469,0.008997492687240604,0.007554570408676942,0.007610517254567367,0.007286680764784401,0.9093592260032892,0.4673779495060444
model.decoder.layers.22.experts.gate_up_proj,moe_experts,expert_gate_up,128x1408x2816,467943.37158203125,0.009016842884726036,0.00755795989405832,0.007569959526674821,0.007269462770649003,0.9170718495734036,0.4901072394568473
model.decoder.layers.22.mlp.down_proj.weight,dense_mlp,down_proj,2816x2112,7275.443359375,0.008820312535654105,0.007554341216855609,0.008253510855424672,0.00750012915174843,0.5528581142425537,0.12827135622501373
model.decoder.layers.22.mlp.gate_proj.weight,dense_mlp,gate_proj,2112x2816,6630.1025390625,0.008879788608051728,0.0076060434917092894,0.008141809724232148,0.00749085062175727,0.6144111752510071,0.22193527221679688
model.decoder.layers.22.mlp.up_proj.weight,dense_mlp,up_proj,2112x2816,7859.322265625,0.008888149069340177,0.0075763615259719684,0.008160174114612598,0.007483301096329424,0.6219869256019592,0.1930096447467804
model.decoder.layers.22.self_attn.k_proj.weight,attention,k_proj,2048x2816,4993.4326171875,0.008894855792031526,0.007525988572636911,0.007867013435616117,0.00736307240711677,0.830078125,0.3562677800655365
model.decoder.layers.22.self_attn.o_proj.weight,attention,o_proj,2816x4096,12453.53125,0.00902416378394494,0.007563195525067564,0.007568072051993912,0.0072614977918693995,0.9165927171707153,0.49391868710517883
model.decoder.layers.22.self_attn.q_proj.weight,attention,q_proj,4096x2816,11015.39453125,0.008942414763730873,0.007565450837446599,0.007820390236001392,0.00736548405401035,0.8106356859207153,0.34738993644714355
model.decoder.layers.22.self_attn.v_proj.weight,attention,v_proj,2048x2816,5703.67236328125,0.008765051316564566,0.007574559303854485,0.008152720450588603,0.0074829270720250226,0.4477095305919647,0.14000356197357178
model.decoder.layers.23.experts.down_proj,moe_experts,expert_down,128x2816x704,494336.27685546875,0.009002743705519681,0.00755592560318348,0.007579039023674317,0.007275733052730421,0.9207934807054698,0.48709079134278
model.decoder.layers.23.experts.gate_up_proj,moe_experts,expert_gate_up,128x1408x2816,469489.89599609375,0.009019379943162984,0.007557698548260085,0.007550304319576735,0.007262195281703664,0.9262987491674721,0.5003399602137506
model.decoder.layers.23.mlp.down_proj.weight,dense_mlp,down_proj,2816x2112,6836.3583984375,0.008805217894798191,0.007544693944558556,0.008222086388323805,0.007484531354212333,0.5768767595291138,0.13808539509773254
model.decoder.layers.23.mlp.gate_proj.weight,dense_mlp,gate_proj,2112x2816,5694.14111328125,0.00890340871720787,0.007589730282317153,0.008013909550241,0.0074401528357898716,0.6989497542381287,0.2760847210884094
model.decoder.layers.23.mlp.up_proj.weight,dense_mlp,up_proj,2112x2816,6828.744140625,0.008901011496526202,0.00755748053058404,0.007994625241539884,0.00742722180940687,0.7319214940071106,0.2629993259906769
model.decoder.layers.23.self_attn.k_proj.weight,attention,k_proj,1024x2816,2854.019287109375,0.008579150059969736,0.007553342927878148,0.00842660530358134,0.007541037471312174,0.20401279628276825,0.036399148404598236
model.decoder.layers.23.self_attn.o_proj.weight,attention,o_proj,2816x8192,25963.90234375,0.008931921275466735,0.007579068563716542,0.008006486695245006,0.00741753542027024,0.7148215770721436,0.2479802966117859
model.decoder.layers.23.self_attn.q_proj.weight,attention,q_proj,8192x2816,24627.48046875,0.00893392941264641,0.007559080913288398,0.007881645557197205,0.007388139588969068,0.8101695775985718,0.32597213983535767
model.decoder.layers.24.experts.down_proj,moe_experts,expert_down,128x2816x704,490111.9099121094,0.009011861014317191,0.007557201129200113,0.007562239306514799,0.007268277889006399,0.9251557276584208,0.4966606996022165
model.decoder.layers.24.experts.gate_up_proj,moe_experts,expert_gate_up,128x1408x2816,516281.5617675781,0.009021096468514414,0.007558359763579583,0.007553410883446779,0.00726387652500259,0.92482078820467,0.5002148655476049
model.decoder.layers.24.mlp.down_proj.weight,dense_mlp,down_proj,2816x2112,7190.537109375,0.008830989469802842,0.007548262024300873,0.00812723782392902,0.007467636276485072,0.6584882736206055,0.18293732404708862
model.decoder.layers.24.mlp.gate_proj.weight,dense_mlp,gate_proj,2112x2816,6008.201171875,0.008891837784226574,0.0075551206822120414,0.007933122428441724,0.007395005268677352,0.7350206971168518,0.3016529083251953
model.decoder.layers.24.mlp.up_proj.weight,dense_mlp,up_proj,2112x2816,7778.2509765625,0.008918398903806926,0.00755111535284872,0.007878322738344561,0.007382450164496131,0.7929580211639404,0.32067838311195374
model.decoder.layers.24.self_attn.k_proj.weight,attention,k_proj,2048x2816,6031.4169921875,0.008862879631449647,0.007556784322762436,0.00784236339048093,0.007380359024223908,0.7683771252632141,0.353515625
model.decoder.layers.24.self_attn.o_proj.weight,attention,o_proj,2816x4096,11800.080078125,0.009038762968124057,0.007560558412441256,0.007537877928157267,0.007250432741493578,0.9239169359207153,0.5060813426971436
model.decoder.layers.24.self_attn.q_proj.weight,attention,q_proj,4096x2816,12186.71484375,0.008939508202291238,0.007537266298045162,0.007778109012391504,0.0073285270140800735,0.8294566869735718,0.37939453125
model.decoder.layers.24.self_attn.v_proj.weight,attention,v_proj,2048x2816,6688.8369140625,0.008828876129866853,0.007554615272771842,0.008017610705270807,0.007430867559661335,0.6299716234207153,0.22061435878276825
model.decoder.layers.25.experts.down_proj,moe_experts,expert_down,128x2816x704,485531.1433105469,0.009015356842404391,0.007558030812999797,0.007541014642176437,0.007258645060148955,0.9287996771745384,0.5108006792142987
model.decoder.layers.25.experts.gate_up_proj,moe_experts,expert_gate_up,128x1408x2816,518054.0764160156,0.009024054540063118,0.007558176403284824,0.007525019736014009,0.0072522651295456346,0.9342837622389197,0.5150337964296341
model.decoder.layers.25.mlp.down_proj.weight,dense_mlp,down_proj,2816x2112,7286.513671875,0.008842576793667132,0.007553146619631195,0.008131185384023621,0.007472053108569583,0.6661501526832581,0.1859504133462906
model.decoder.layers.25.mlp.gate_proj.weight,dense_mlp,gate_proj,2112x2816,5933.5732421875,0.008914148598522147,0.007574096418247989,0.007962371681172697,0.0074160200407621555,0.732265830039978,0.2902892529964447
model.decoder.layers.25.mlp.up_proj.weight,dense_mlp,up_proj,2112x2816,8000.2744140625,0.008958020971204479,0.007557970194747959,0.007874897247024363,0.007383710310657069,0.8003615736961365,0.3209366500377655
model.decoder.layers.25.self_attn.k_proj.weight,attention,k_proj,2048x2816,5312.10107421875,0.008929067645750605,0.007546197977366499,0.007810959644212254,0.007350414807113733,0.8386896848678589,0.4037642180919647
model.decoder.layers.25.self_attn.o_proj.weight,attention,o_proj,2816x4096,11880.13671875,0.009072297622492244,0.00758337547861698,0.007437749480898887,0.007185874469596211,0.940562903881073,0.5361328125
model.decoder.layers.25.self_attn.q_proj.weight,attention,q_proj,4096x2816,10670.634765625,0.008942395449050173,0.0075392166160415785,0.007750806394044696,0.007323378368917325,0.8461470603942871,0.38809481263160706
model.decoder.layers.25.self_attn.v_proj.weight,attention,v_proj,2048x2816,6168.310546875,0.008770930303893863,0.007546164913280613,0.008118098268778646,0.007445585167858019,0.5292081236839294,0.16299717128276825
model.decoder.layers.26.experts.down_proj,moe_experts,expert_down,128x2816x704,482925.1875,0.009012827203048414,0.007558728983246441,0.007553287691068471,0.0072621276001721,0.9240419622510672,0.5013942020013928
model.decoder.layers.26.experts.gate_up_proj,moe_experts,expert_gate_up,128x1408x2816,442337.41796875,0.009019225897854052,0.007557677731266082,0.0075531807104144985,0.007263215491058524,0.9250901485793293,0.5008796906331554
model.decoder.layers.26.mlp.down_proj.weight,dense_mlp,down_proj,2816x2112,7124.6748046875,0.008782821771984658,0.007543793845374247,0.008156677428362616,0.007472982336638994,0.6328340172767639,0.15952135622501373
model.decoder.layers.26.mlp.gate_proj.weight,dense_mlp,gate_proj,2112x2816,5263.1591796875,0.008900723458685679,0.007555246568543318,0.007993901017724361,0.007414027311333664,0.7058367729187012,0.26368802785873413
model.decoder.layers.26.mlp.up_proj.weight,dense_mlp,up_proj,2112x2816,7346.65625,0.008904491179753863,0.007549348863069615,0.007894601609456152,0.00738559634677819,0.7805613279342651,0.30630165338516235
model.decoder.layers.26.self_attn.k_proj.weight,attention,k_proj,2048x2816,5646.19921875,0.008911637248889083,0.007563153537414895,0.007839770812534981,0.0073779540200317965,0.7631392478942871,0.3548473119735718
model.decoder.layers.26.self_attn.o_proj.weight,attention,o_proj,2816x4096,10102.705078125,0.009049641342288237,0.007561995114628372,0.007530484334718521,0.007233845299303926,0.9168146848678589,0.48686081171035767
model.decoder.layers.26.self_attn.q_proj.weight,attention,q_proj,4096x2816,11717.009765625,0.008943445289125435,0.007554520283762138,0.0076666892846087645,0.007300028715722618,0.8509854674339294,0.4261363744735718
model.decoder.layers.26.self_attn.v_proj.weight,attention,v_proj,2048x2816,5991.3642578125,0.008818621741261063,0.007570472778854722,0.008049487109702326,0.007447093830483881,0.5954368114471436,0.22025923430919647
model.decoder.layers.27.experts.down_proj,moe_experts,expert_down,128x2816x704,477975.7287597656,0.009020666868889728,0.007561670858666795,0.007539374245527895,0.007258281901324396,0.9301939029246569,0.512059718137607
model.decoder.layers.27.experts.gate_up_proj,moe_experts,expert_gate_up,128x1408x2816,437525.3112792969,0.00901945874099611,0.007557385539336891,0.007549021543075626,0.007262119684565682,0.9265671013854444,0.5035440559731796
model.decoder.layers.27.mlp.down_proj.weight,dense_mlp,down_proj,2816x2112,6420.9443359375,0.00877316863191244,0.00752300468346462,0.008184844058909388,0.0074588119389108545,0.5934056639671326,0.13980716466903687
model.decoder.layers.27.mlp.gate_proj.weight,dense_mlp,gate_proj,2112x2816,4621.171875,0.008852573485127047,0.007552299609791043,0.008106938109140167,0.007447154581072171,0.6423037052154541,0.20463155210018158
model.decoder.layers.27.mlp.up_proj.weight,dense_mlp,up_proj,2112x2816,6850.462890625,0.008904929301830653,0.00753982715869166,0.007909253118801564,0.007380331243298169,0.7735020518302917,0.2997589707374573
model.decoder.layers.27.self_attn.k_proj.weight,attention,k_proj,2048x2816,4901.2216796875,0.008907121495537525,0.007526788128398312,0.007762498671259617,0.0073214544648765225,0.8319424986839294,0.3920454680919647
model.decoder.layers.27.self_attn.o_proj.weight,attention,o_proj,2816x4096,10493.7373046875,0.009029826034631705,0.007557761706038023,0.007524881202394993,0.007233712982594623,0.9227628111839294,0.5084783434867859
model.decoder.layers.27.self_attn.q_proj.weight,attention,q_proj,4096x2816,10825.953125,0.008794376178537254,0.007576446525935577,0.00798075192255373,0.007432230894346052,0.6036931872367859,0.25430575013160706
model.decoder.layers.27.self_attn.v_proj.weight,attention,v_proj,2048x2816,5326.298828125,0.008939476397931476,0.007554831871673393,0.007939283940564307,0.007414352747367591,0.803355872631073,0.2843572497367859
model.decoder.layers.28.experts.down_proj,moe_experts,expert_down,128x2816x704,474063.1125488281,0.00902098110611425,0.007559668826530268,0.007535348886961902,0.007252723426384787,0.928309375885874,0.5131230426486582
model.decoder.layers.28.experts.gate_up_proj,moe_experts,expert_gate_up,128x1408x2816,452265.0510253906,0.009027557760597035,0.007559316585106609,0.007528361977486402,0.00725411341724102,0.9338741670362651,0.5148895293241367
model.decoder.layers.28.mlp.down_proj.weight,dense_mlp,down_proj,2816x2112,7321.0263671875,0.00881148438232611,0.007547609022019064,0.008180165461452464,0.007465791589694228,0.5933195948600769,0.14901860058307648
model.decoder.layers.28.mlp.gate_proj.weight,dense_mlp,gate_proj,2112x2816,4365.2421875,0.008840193211063604,0.007556783525331498,0.00810411196411729,0.007458058695029181,0.6631370782852173,0.20928031206130981
model.decoder.layers.28.mlp.up_proj.weight,dense_mlp,up_proj,2112x2816,6850.57861328125,0.008890942996375264,0.007544917969441877,0.007888272421531456,0.007384280435795192,0.7977789640426636,0.3074207901954651
model.decoder.layers.28.self_attn.k_proj.weight,attention,k_proj,2048x2816,5173.4111328125,0.00882903418697581,0.007546688419866984,0.0079803333408525,0.007407534190656741,0.7072976231575012,0.30965909361839294
model.decoder.layers.28.self_attn.o_proj.weight,attention,o_proj,2816x4096,13754.64453125,0.009039530818815747,0.00756732413841603,0.007475018004394254,0.00718988870840219,0.9225408434867859,0.5237482190132141
model.decoder.layers.28.self_attn.q_proj.weight,attention,q_proj,4096x2816,10816.875,0.008943634817875353,0.007542931057520078,0.007722299017828769,0.007305915609020194,0.8514737486839294,0.3990589678287506
model.decoder.layers.28.self_attn.v_proj.weight,attention,v_proj,2048x2816,7237.642578125,0.008821334861946804,0.007647913879273751,0.008202288761042866,0.007579881576167136,0.5135831236839294,0.13698509335517883
model.decoder.layers.29.experts.down_proj,moe_experts,expert_down,128x2816x704,470090.423828125,0.009002416550996825,0.007558692532547096,0.007600157870608594,0.007281013950423661,0.9125209469348192,0.4725815763231367
model.decoder.layers.29.experts.gate_up_proj,moe_experts,expert_gate_up,128x1408x2816,409627.9533691406,0.009024646641892757,0.007559580014544472,0.007538064015230207,0.0072590727443683075,0.9323941944167018,0.5084611668717116
model.decoder.layers.29.mlp.down_proj.weight,dense_mlp,down_proj,2816x2112,5318.3359375,0.008642757514906419,0.0075437909912750255,0.008307191516268159,0.007497087930152465,0.3549414575099945,0.05724862217903137
model.decoder.layers.29.mlp.gate_proj.weight,dense_mlp,gate_proj,2112x2816,3875.000244140625,0.008998872251520145,0.007557055089493757,0.00760109096751569,0.007261136489658739,0.8897210955619812,0.4653925597667694
model.decoder.layers.29.mlp.up_proj.weight,dense_mlp,up_proj,2112x2816,5654.0751953125,0.009025424685259681,0.007571333917150119,0.00763953202483068,0.007279406857790452,0.8727617263793945,0.4400826394557953
model.decoder.layers.29.self_attn.k_proj.weight,attention,k_proj,1024x2816,2823.031494140625,0.00867080203884119,0.007630507999256603,0.008184974749931614,0.007554300035535339,0.48526281118392944,0.19105114042758942
model.decoder.layers.29.self_attn.o_proj.weight,attention,o_proj,2816x8192,22868.2890625,0.008991817068685792,0.007621265778194491,0.008078395117454198,0.007472233571939308,0.7636941075325012,0.2816717028617859
model.decoder.layers.29.self_attn.q_proj.weight,attention,q_proj,8192x2816,21476.41015625,0.008988529025806113,0.00755003266779266,0.007739665469844184,0.007321336378159103,0.8438609838485718,0.3909801244735718
model.decoder.layers.5.experts.down_proj,moe_experts,expert_down,128x2816x704,514148.32763671875,0.008994411839478215,0.007553710496390574,0.0076157472801606,0.007286884405205096,0.9059654688462615,0.4653824525885284
model.decoder.layers.5.experts.gate_up_proj,moe_experts,expert_gate_up,128x1408x2816,532672.0054931641,0.008999558587813882,0.007555849169802362,0.007634273036837441,0.00730538575892639,0.9127378463745117,0.4527174071408808
model.decoder.layers.5.mlp.down_proj.weight,dense_mlp,down_proj,2816x2112,8890.3515625,0.008670736042518883,0.007497816654894922,0.008337159321958497,0.007472537668667314,0.4166666865348816,0.06740702688694
model.decoder.layers.5.mlp.gate_proj.weight,dense_mlp,gate_proj,2112x2816,7977.3955078125,0.008865133054787496,0.007551503864740864,0.008158510365531122,0.007461522214318216,0.6285296082496643,0.18922176957130432
model.decoder.layers.5.mlp.up_proj.weight,dense_mlp,up_proj,2112x2816,8531.859375,0.008835795547284626,0.007546466532724769,0.008168556798942017,0.007469616016724538,0.631112277507782,0.17226240038871765
model.decoder.layers.5.self_attn.k_proj.weight,attention,k_proj,1024x2816,4231.423828125,0.008845622276122796,0.007532248804257719,0.008164850407156464,0.0074634072217479525,0.65625,0.1779119372367859
model.decoder.layers.5.self_attn.o_proj.weight,attention,o_proj,2816x8192,26152.4609375,0.009014560054249197,0.007568175805410879,0.007749637370930377,0.007328859990171814,0.826549232006073,0.38387784361839294
model.decoder.layers.5.self_attn.q_proj.weight,attention,q_proj,8192x2816,32570.3515625,0.008931510448836113,0.007548648073701039,0.007882906113089335,0.007390599270689289,0.8116344213485718,0.32108932733535767
model.decoder.layers.6.experts.down_proj,moe_experts,expert_down,128x2816x704,525168.203125,0.008983143952005593,0.00755064349695119,0.007659201093227916,0.007303029656546608,0.8884801585227251,0.438621818786487
model.decoder.layers.6.experts.gate_up_proj,moe_experts,expert_gate_up,128x1408x2816,469146.005859375,0.00900779742842276,0.007557440469341724,0.0076041606634374885,0.0072915686253070345,0.9178537065163255,0.4678753102198243
model.decoder.layers.6.mlp.down_proj.weight,dense_mlp,down_proj,2816x2112,8229.013671875,0.008719725196136953,0.00751893058336132,0.008355720517746967,0.007492568004873904,0.42484503984451294,0.06947313994169235
model.decoder.layers.6.mlp.gate_proj.weight,dense_mlp,gate_proj,2112x2816,7931.052734375,0.008896830708826239,0.0075520359725936344,0.007991903572205179,0.007413526010238631,0.7286501526832581,0.2582644522190094
model.decoder.layers.6.mlp.up_proj.weight,dense_mlp,up_proj,2112x2816,8669.7314453125,0.00886691762490841,0.007535972961503434,0.008029412077365971,0.007427369082222464,0.730974555015564,0.232524111866951
model.decoder.layers.6.self_attn.k_proj.weight,attention,k_proj,2048x2816,7829.330078125,0.008916469430105196,0.007539762349770507,0.007903356031207271,0.007381695638420931,0.809215247631073,0.34596946835517883
model.decoder.layers.6.self_attn.o_proj.weight,attention,o_proj,2816x4096,13428.564453125,0.009015915379776522,0.007562354099928368,0.007552433122316075,0.007245066895864619,0.908824622631073,0.4915216863155365
model.decoder.layers.6.self_attn.q_proj.weight,attention,q_proj,4096x2816,15324.3125,0.00895683207329346,0.007545323295243669,0.007764224302795496,0.007336860464656856,0.8481001853942871,0.38623046875
model.decoder.layers.6.self_attn.v_proj.weight,attention,v_proj,2048x2816,8624.142578125,0.00884397814909589,0.007565859836383191,0.008092574830808589,0.007454090700479509,0.6439098119735718,0.23881392180919647
model.decoder.layers.7.experts.down_proj,moe_experts,expert_down,128x2816x704,530563.8703613281,0.008971869716977613,0.007549146113958994,0.007701818386498058,0.007321327470609441,0.8777803415432572,0.41072118864394724
model.decoder.layers.7.experts.gate_up_proj,moe_experts,expert_gate_up,128x1408x2816,569912.3176269531,0.008997336186480335,0.007554370082243022,0.0076407527041407255,0.007304989113089578,0.9065314307808876,0.44708804809488356
model.decoder.layers.7.mlp.down_proj.weight,dense_mlp,down_proj,2816x2112,7655.7421875,0.008717406958114569,0.007553127726583906,0.008390623485231164,0.007528884449287453,0.39652204513549805,0.06482437998056412
model.decoder.layers.7.mlp.gate_proj.weight,dense_mlp,gate_proj,2112x2816,6636.10400390625,0.008876964356652813,0.007551872769483283,0.00811650982183385,0.007448815474814802,0.646522045135498,0.2006714940071106
model.decoder.layers.7.mlp.up_proj.weight,dense_mlp,up_proj,2112x2816,7260.46435546875,0.008867965004847865,0.007551232542119466,0.008129818904973567,0.007461945963164293,0.6634814143180847,0.19473141431808472
model.decoder.layers.7.self_attn.k_proj.weight,attention,k_proj,2048x2816,7841.982421875,0.008916923976892203,0.007548345972355573,0.007787683008590083,0.007350171470102202,0.8637251853942871,0.40625
model.decoder.layers.7.self_attn.o_proj.weight,attention,o_proj,2816x4096,14389.373046875,0.009032828962183057,0.007569258048406491,0.007563652664577632,0.007261312406861129,0.9148615598678589,0.49267578125
model.decoder.layers.7.self_attn.q_proj.weight,attention,q_proj,4096x2816,14855.9072265625,0.008976478327059634,0.007557220282217544,0.00776523864599316,0.007347076295046248,0.8592862486839294,0.39306640625
model.decoder.layers.7.self_attn.v_proj.weight,attention,v_proj,2048x2816,8698.939453125,0.008923627880284437,0.00755899605667627,0.007932633761310702,0.00741730969780799,0.8042436242103577,0.2921697497367859
