model,tensor,rotate_size,identity_norot_pct,identity_rotmin_pct,identity_allrot_pct,identity_rotated_share,spread_norot_pct,spread_rotmin_pct,spread_allrot_pct,spread_rotated_share,sorted_norot_pct,sorted_rotmin_pct,sorted_allrot_pct,sorted_rotated_share,random_norot_pct,random_rotmin_pct,random_allrot_pct,random_rotated_share
llama-3.1-8b,"layers.0.self_attn.q_proj (4096, 4096)",16,0.0,0.0,-11.3097,0.0,0.6836,0.6836,-11.6464,0.0,-10.7246,-10.7246,-10.7439,0.0,-0.2305,-0.2305,-11.5046,0.0
llama-3.1-8b,"layers.0.self_attn.q_proj (4096, 4096)",64,0.0,0.0,-10.7351,0.0,-10.061,-10.061,-10.5199,0.0,-10.7246,-10.7246,-10.387,0.0,0.1582,0.1582,-10.6159,0.0
llama-3.1-8b,"layers.0.self_attn.q_proj (4096, 4096)",128,0.0,0.0,-10.4658,0.0,-9.9212,-9.9212,-10.2475,0.0,-10.7246,-10.7246,-10.1514,0.0,-0.1528,-0.1528,-10.4561,0.0
llama-3.1-8b,"layers.0.self_attn.v_proj (1024, 4096)",16,0.0,0.0,1.2282,0.0,-0.1135,-0.1135,0.7241,0.0,1.9181,1.9181,1.686,0.0,-0.0351,-0.0351,1.1181,0.0
llama-3.1-8b,"layers.0.self_attn.v_proj (1024, 4096)",64,0.0,0.0,1.752,0.0,1.9043,1.9043,1.6826,0.0,1.9181,1.9181,1.5975,0.0,0.0332,0.0332,1.6221,0.0
llama-3.1-8b,"layers.0.self_attn.v_proj (1024, 4096)",128,0.0,0.0,1.7546,0.0,1.7773,1.7773,1.7943,0.0,1.9181,1.9181,1.6537,0.0,-0.005,-0.005,1.7728,0.0
llama-3.1-8b,"layers.0.self_attn.o_proj (4096, 4096)",16,0.0,0.0987,0.0652,0.0039,0.4366,0.4366,-0.1463,0.0,-0.0247,0.1101,-0.0332,0.0039,0.405,0.405,-0.1411,0.0
llama-3.1-8b,"layers.0.self_attn.o_proj (4096, 4096)",64,0.0,0.0,0.1163,0.0,0.1484,0.1484,0.0484,0.0,-0.0247,-0.0247,0.0655,0.0,0.4723,0.4723,-0.0334,0.0
llama-3.1-8b,"layers.0.self_attn.o_proj (4096, 4096)",128,0.0,0.0,-0.0172,0.0,0.1021,0.1021,-0.0178,0.0,-0.0247,-0.0247,0.0263,0.0,0.4493,0.4493,0.0445,0.0
llama-3.1-8b,"layers.0.mlp.up_proj (14336, 4096)",16,0.0,0.0,-0.1808,0.0,0.0074,0.0074,-0.1875,0.0,-0.0391,-0.0391,-0.1517,0.0,0.0182,0.0182,-0.1674,0.0
llama-3.1-8b,"layers.0.mlp.up_proj (14336, 4096)",64,0.0,0.0,-0.1258,0.0,-0.0694,-0.0694,-0.1312,0.0,-0.0391,-0.0391,-0.1301,0.0,-0.0117,-0.0117,-0.1487,0.0
llama-3.1-8b,"layers.0.mlp.up_proj (14336, 4096)",128,0.0,0.0,-0.1459,0.0,-0.079,-0.079,-0.1428,0.0,-0.0391,-0.0391,-0.102,0.0,-0.0126,-0.0126,-0.1295,0.0
llama-3.1-8b,"layers.0.mlp.down_proj (4096, 14336)",16,0.0,0.0,-0.0579,0.0,0.015,0.015,-0.0654,0.0,-0.0648,-0.0648,-0.7641,0.0,-0.0029,-0.0029,-0.0867,0.0
llama-3.1-8b,"layers.0.mlp.down_proj (4096, 14336)",64,0.0,0.0,-0.0395,0.0,-0.0538,-0.0538,-0.0368,0.0,-0.0648,-0.0648,-0.097,0.0,-0.0077,-0.0077,-0.0443,0.0
llama-3.1-8b,"layers.0.mlp.down_proj (4096, 14336)",128,0.0,0.0,-0.0126,0.0,-0.0269,-0.0269,-0.053,0.0,-0.0648,-0.0648,-0.0347,0.0,0.0371,0.0371,-0.0225,0.0
llama-3.1-8b,"layers.8.self_attn.q_proj (4096, 4096)",16,0.0,0.0,-0.0756,0.0,0.0379,0.0379,-0.1219,0.0,-0.0869,-0.0869,-0.1146,0.0,0.0467,0.0467,-0.0988,0.0
llama-3.1-8b,"layers.8.self_attn.q_proj (4096, 4096)",64,0.0,0.0,-0.0677,0.0,-0.0016,-0.0016,-0.0741,0.0,-0.0869,-0.0869,-0.1092,0.0,0.0098,0.0098,-0.0305,0.0
llama-3.1-8b,"layers.8.self_attn.q_proj (4096, 4096)",128,0.0,0.0,-0.1083,0.0,0.0142,0.0142,-0.0567,0.0,-0.0869,-0.0869,-0.1072,0.0,0.0016,0.0016,-0.1506,0.0
llama-3.1-8b,"layers.8.self_attn.v_proj (1024, 4096)",16,0.0,0.0,-0.0822,0.0,-0.0335,-0.0335,-0.0294,0.0,0.0117,0.0117,-0.0494,0.0,0.0031,0.0031,-0.0455,0.0
llama-3.1-8b,"layers.8.self_attn.v_proj (1024, 4096)",64,0.0,0.0,-0.0131,0.0,0.0605,0.0605,0.0907,0.0,0.0117,0.0117,0.0969,0.0,0.0809,0.0809,0.0883,0.0
llama-3.1-8b,"layers.8.self_attn.v_proj (1024, 4096)",128,0.0,0.0,-0.0101,0.0,0.1566,0.1566,0.0737,0.0,0.0117,0.0117,0.0982,0.0,0.0759,0.0759,0.0464,0.0
llama-3.1-8b,"layers.8.self_attn.o_proj (4096, 4096)",16,0.0,0.0,-0.403,0.0,0.3143,0.3143,-0.1196,0.0,0.0081,0.0081,-0.0164,0.0,0.345,0.345,-0.1931,0.0
llama-3.1-8b,"layers.8.self_attn.o_proj (4096, 4096)",64,0.0,0.0,-0.2168,0.0,0.0814,0.0814,-0.0322,0.0,0.0081,0.0081,0.0437,0.0,0.3203,0.3203,-0.0324,0.0
llama-3.1-8b,"layers.8.self_attn.o_proj (4096, 4096)",128,0.0,0.0,-0.371,0.0,0.0192,0.0192,-0.0873,0.0,0.0081,0.0081,-0.066,0.0,0.3074,0.3074,-0.0893,0.0
llama-3.1-8b,"layers.8.mlp.up_proj (14336, 4096)",16,0.0,0.0,-0.1052,0.0,-0.04,-0.04,-0.1338,0.0,-0.0806,-0.0806,-0.1055,0.0,-0.0192,-0.0192,-0.1466,0.0
llama-3.1-8b,"layers.8.mlp.up_proj (14336, 4096)",64,0.0,0.0,-0.1227,0.0,-0.0557,-0.0557,-0.144,0.0,-0.0806,-0.0806,-0.1168,0.0,-0.0361,-0.0361,-0.129,0.0
llama-3.1-8b,"layers.8.mlp.up_proj (14336, 4096)",128,0.0,0.0,-0.1084,0.0,-0.0654,-0.0654,-0.1034,0.0,-0.0806,-0.0806,-0.1362,0.0,-0.0271,-0.0271,-0.1153,0.0
llama-3.1-8b,"layers.8.mlp.down_proj (4096, 14336)",16,0.0,0.0,-0.1316,0.0,0.009,0.009,-0.1619,0.0,-0.1222,-0.1222,-0.1577,0.0,-0.0347,-0.0347,-0.1228,0.0
llama-3.1-8b,"layers.8.mlp.down_proj (4096, 14336)",64,0.0,0.0,-0.1275,0.0,-0.08,-0.08,-0.0954,0.0,-0.1222,-0.1222,-0.1109,0.0,-0.0036,-0.0036,-0.1076,0.0
llama-3.1-8b,"layers.8.mlp.down_proj (4096, 14336)",128,0.0,0.0,-0.1208,0.0,-0.078,-0.078,-0.0933,0.0,-0.1222,-0.1222,-0.0877,0.0,0.029,0.029,-0.1184,0.0
llama-3.1-8b,"layers.16.self_attn.q_proj (4096, 4096)",16,0.0,0.0,-0.3176,0.0,-0.0814,-0.0814,-0.2594,0.0,-0.0961,-0.0961,-0.2243,0.0,-0.0253,-0.0253,-0.3124,0.0
llama-3.1-8b,"layers.16.self_attn.q_proj (4096, 4096)",64,0.0,0.0,-0.2775,0.0,-0.0707,-0.0707,-0.2036,0.0,-0.0961,-0.0961,-0.2479,0.0,-0.0225,-0.0225,-0.274,0.0
llama-3.1-8b,"layers.16.self_attn.q_proj (4096, 4096)",128,0.0,0.0,-0.2518,0.0,-0.0613,-0.0613,-0.194,0.0,-0.0961,-0.0961,-0.2828,0.0,-0.0657,-0.0657,-0.2346,0.0
llama-3.1-8b,"layers.16.self_attn.v_proj (1024, 4096)",16,0.0,0.0,-0.2122,0.0,0.063,0.063,-0.1439,0.0,0.0124,0.0124,-0.0407,0.0,-0.0166,-0.0166,-0.0771,0.0
llama-3.1-8b,"layers.16.self_attn.v_proj (1024, 4096)",64,0.0,0.0,-0.0529,0.0,0.0727,0.0727,-0.0421,0.0,0.0124,0.0124,-0.0186,0.0,0.0165,0.0165,-0.0356,0.0
llama-3.1-8b,"layers.16.self_attn.v_proj (1024, 4096)",128,0.0,0.0,-0.0627,0.0,0.0097,0.0097,-0.078,0.0,0.0124,0.0124,-0.1535,0.0,0.046,0.046,-0.0012,0.0
llama-3.1-8b,"layers.16.self_attn.o_proj (4096, 4096)",16,0.0,0.0,-0.2768,0.0,0.4238,0.4238,-0.1481,0.0,0.0616,0.0616,-0.0966,0.0,0.3418,0.3418,-0.163,0.0
llama-3.1-8b,"layers.16.self_attn.o_proj (4096, 4096)",64,0.0,0.0,-0.3904,0.0,0.161,0.161,-0.1146,0.0,0.0616,0.0616,-0.0243,0.0,0.4142,0.4142,-0.0521,0.0
llama-3.1-8b,"layers.16.self_attn.o_proj (4096, 4096)",128,0.0,0.0,-0.6234,0.0,0.1004,0.1004,-0.0577,0.0,0.0616,0.0616,-0.0018,0.0,0.3573,0.3573,-0.0868,0.0
llama-3.1-8b,"layers.16.mlp.up_proj (14336, 4096)",16,0.0,0.0,-0.0724,0.0,0.0068,0.0068,-0.0799,0.0,-0.0527,-0.0527,-0.0612,0.0,0.0082,0.0082,-0.0848,0.0
llama-3.1-8b,"layers.16.mlp.up_proj (14336, 4096)",64,0.0,0.0,-0.0666,0.0,-0.0293,-0.0293,-0.0475,0.0,-0.0527,-0.0527,-0.0448,0.0,-0.02,-0.02,-0.0861,0.0
llama-3.1-8b,"layers.16.mlp.up_proj (14336, 4096)",128,0.0,0.0,-0.0363,0.0,-0.0332,-0.0332,-0.0651,0.0,-0.0527,-0.0527,-0.0547,0.0,0.0038,0.0038,-0.0617,0.0
llama-3.1-8b,"layers.16.mlp.down_proj (4096, 14336)",16,0.0,0.0,-0.1347,0.0,0.0544,0.0544,-0.1311,0.0,0.0019,0.0019,-0.1098,0.0,0.0286,0.0286,-0.1323,0.0
llama-3.1-8b,"layers.16.mlp.down_proj (4096, 14336)",64,0.0,0.0,-0.1145,0.0,-0.0047,-0.0047,-0.0831,0.0,0.0019,0.0019,-0.084,0.0,0.0262,0.0262,-0.1131,0.0
llama-3.1-8b,"layers.16.mlp.down_proj (4096, 14336)",128,0.0,0.0,-0.1132,0.0,-0.0152,-0.0152,-0.1356,0.0,0.0019,0.0019,-0.0989,0.0,0.0303,0.0303,-0.1328,0.0
llama-3.1-8b,"layers.24.self_attn.q_proj (4096, 4096)",16,0.0,0.0,-0.2282,0.0,0.0272,0.0272,-0.293,0.0,-0.1021,-0.1021,-0.3122,0.0,-0.0458,-0.0458,-0.2778,0.0
llama-3.1-8b,"layers.24.self_attn.q_proj (4096, 4096)",64,0.0,0.0,-0.2297,0.0,-0.0078,-0.0078,-0.2264,0.0,-0.1021,-0.1021,-0.294,0.0,-0.0553,-0.0553,-0.2959,0.0
llama-3.1-8b,"layers.24.self_attn.q_proj (4096, 4096)",128,0.0,0.0,-0.2619,0.0,-0.006,-0.006,-0.2112,0.0,-0.1021,-0.1021,-0.2227,0.0,0.0835,0.0835,-0.2047,0.0
llama-3.1-8b,"layers.24.self_attn.v_proj (1024, 4096)",16,0.0,0.0,-0.2078,0.0,-0.1802,-0.1802,-0.242,0.0,-0.2533,-0.2533,-0.2303,0.0,-0.0047,-0.0047,-0.2555,0.0
llama-3.1-8b,"layers.24.self_attn.v_proj (1024, 4096)",64,0.0,0.0,-0.3213,0.0,-0.2014,-0.2014,-0.1772,0.0,-0.2533,-0.2533,-0.2078,0.0,-0.1304,-0.1304,-0.2918,0.0
llama-3.1-8b,"layers.24.self_attn.v_proj (1024, 4096)",128,0.0,0.0,-0.1879,0.0,-0.1678,-0.1678,-0.1632,0.0,-0.2533,-0.2533,-0.3072,0.0,0.0184,0.0184,-0.2364,0.0
llama-3.1-8b,"layers.24.self_attn.o_proj (4096, 4096)",16,0.0,0.0,0.0611,0.0,0.2459,0.2459,0.0115,0.0,0.0302,0.0302,0.0481,0.0,0.1524,0.1524,-0.018,0.0
llama-3.1-8b,"layers.24.self_attn.o_proj (4096, 4096)",64,0.0,0.0,0.0794,0.0,0.0764,0.0764,0.0485,0.0,0.0302,0.0302,0.0796,0.0,0.2085,0.2085,0.0815,0.0
llama-3.1-8b,"layers.24.self_attn.o_proj (4096, 4096)",128,0.0,0.0,0.0601,0.0,0.0366,0.0366,-0.0207,0.0,0.0302,0.0302,0.0641,0.0,0.1793,0.1793,-0.0164,0.0
llama-3.1-8b,"layers.24.mlp.up_proj (14336, 4096)",16,0.0,0.0,-0.0697,0.0,0.0024,0.0024,-0.0303,0.0,-0.011,-0.011,-0.0528,0.0,-0.0199,-0.0199,-0.0467,0.0
llama-3.1-8b,"layers.24.mlp.up_proj (14336, 4096)",64,0.0,0.0,-0.0304,0.0,0.004,0.004,-0.0672,0.0,-0.011,-0.011,-0.0414,0.0,-0.0173,-0.0173,-0.0642,0.0
llama-3.1-8b,"layers.24.mlp.up_proj (14336, 4096)",128,0.0,0.0,-0.0558,0.0,-0.0142,-0.0142,-0.018,0.0,-0.011,-0.011,-0.054,0.0,0.0158,0.0158,-0.0383,0.0
llama-3.1-8b,"layers.24.mlp.down_proj (4096, 14336)",16,0.0,0.0,-0.0168,0.0,0.0259,0.0259,0.0063,0.0,-0.0297,-0.0297,-0.0214,0.0,0.0347,0.0347,-0.0334,0.0
llama-3.1-8b,"layers.24.mlp.down_proj (4096, 14336)",64,0.0,0.0,0.0089,0.0,0.0199,0.0199,-0.0206,0.0,-0.0297,-0.0297,-0.001,0.0,-0.0088,-0.0088,-0.018,0.0
llama-3.1-8b,"layers.24.mlp.down_proj (4096, 14336)",128,0.0,0.0,-0.0037,0.0,0.0143,0.0143,0.0041,0.0,-0.0297,-0.0297,-0.0027,0.0,0.0266,0.0266,-0.0084,0.0
