model,draw_a,draw_b,ranking,scope,U,K_a,K_b,intersection,jaccard,containment_a_to_b,containment_b_to_a,overlap_coefficient,empty_a,empty_b,expected_intersection_module,expected_intersection_global,null_intersection_mean,null_jaccard_lo,null_jaccard_median,null_jaccard_hi,null_containment_a_lo,null_containment_a_median,null_containment_a_hi,null_containment_b_lo,null_containment_b_median,null_containment_b_hi,allocation_share_L1,allocation_spearman
llama8b,seed0,draw1,joint_upper_primary,fixed_module_min_quota,6815744,1001,1001,343,0.20675105485232068,0.34265734265734266,0.34265734265734266,0.34265734265734266,False,False,2.1721627371651784,0.14701271057128906,2.185,0.0,0.001,0.0025037556334501754,0.0,0.001998001998001998,0.004995004995004995,0.0,0.001998001998001998,0.004995004995004995,0.0,1.0
llama8b,seed0,draw2,joint_upper_primary,fixed_module_min_quota,6815744,1001,1001,308,0.18181818181818182,0.3076923076923077,0.3076923076923077,0.3076923076923077,False,False,2.1721627371651784,0.14701271057128906,2.181,0.0,0.001,0.0025037556334501754,0.0,0.001998001998001998,0.004995004995004995,0.0,0.001998001998001998,0.004995004995004995,0.0,1.0
llama8b,seed0,draw3,joint_upper_primary,fixed_module_min_quota,6815744,1001,1001,330,0.19736842105263158,0.32967032967032966,0.32967032967032966,0.32967032967032966,False,False,2.1721627371651784,0.14701271057128906,2.203,0.0,0.001,0.0025037556334501754,0.0,0.001998001998001998,0.004995004995004995,0.0,0.001998001998001998,0.004995004995004995,0.0,1.0
llama8b,seed0,draw4,joint_upper_primary,fixed_module_min_quota,6815744,1001,1001,315,0.18672199170124482,0.3146853146853147,0.3146853146853147,0.3146853146853147,False,False,2.1721627371651784,0.14701271057128906,2.227,0.0,0.001,0.003006012024048096,0.0,0.001998001998001998,0.005994005994005994,0.0,0.001998001998001998,0.005994005994005994,0.0,1.0
llama8b,draw1,draw2,joint_upper_primary,fixed_module_min_quota,6815744,1001,1001,327,0.19522388059701493,0.32667332667332666,0.32667332667332666,0.32667332667332666,False,False,2.1721627371651784,0.14701271057128906,2.133,0.0,0.001,0.0025037556334501754,0.0,0.001998001998001998,0.004995004995004995,0.0,0.001998001998001998,0.004995004995004995,0.0,1.0
llama8b,draw1,draw3,joint_upper_primary,fixed_module_min_quota,6815744,1001,1001,343,0.20675105485232068,0.34265734265734266,0.34265734265734266,0.34265734265734266,False,False,2.1721627371651784,0.14701271057128906,2.13,0.0,0.001,0.0025037556334501754,0.0,0.001998001998001998,0.004995004995004995,0.0,0.001998001998001998,0.004995004995004995,0.0,1.0
llama8b,draw1,draw4,joint_upper_primary,fixed_module_min_quota,6815744,1001,1001,330,0.19736842105263158,0.32967032967032966,0.32967032967032966,0.32967032967032966,False,False,2.1721627371651784,0.14701271057128906,2.14,0.0,0.001,0.0025037556334501754,0.0,0.001998001998001998,0.004995004995004995,0.0,0.001998001998001998,0.004995004995004995,0.0,1.0
llama8b,draw2,draw3,joint_upper_primary,fixed_module_min_quota,6815744,1001,1001,309,0.18251624335499114,0.3086913086913087,0.3086913086913087,0.3086913086913087,False,False,2.1721627371651784,0.14701271057128906,2.175,0.0,0.001,0.0025037556334501754,0.0,0.001998001998001998,0.004995004995004995,0.0,0.001998001998001998,0.004995004995004995,0.0,1.0
llama8b,draw2,draw4,joint_upper_primary,fixed_module_min_quota,6815744,1001,1001,290,0.169392523364486,0.2897102897102897,0.2897102897102897,0.2897102897102897,False,False,2.1721627371651784,0.14701271057128906,2.097,0.0,0.001,0.0025037556334501754,0.0,0.001998001998001998,0.004995004995004995,0.0,0.001998001998001998,0.004995004995004995,0.0,1.0
llama8b,draw3,draw4,joint_upper_primary,fixed_module_min_quota,6815744,1001,1001,313,0.1853167554766134,0.3126873126873127,0.3126873126873127,0.3126873126873127,False,False,2.1721627371651784,0.14701271057128906,2.152,0.0,0.001,0.003006012024048096,0.0,0.001998001998001998,0.005994005994005994,0.0,0.001998001998001998,0.005994005994005994,0.0,1.0
llama8b,seed0,draw1,joint_z_diagnostic,fixed_module_min_quota,6815744,1001,1001,330,0.19736842105263158,0.32967032967032966,0.32967032967032966,0.32967032967032966,False,False,2.1721627371651784,0.14701271057128906,2.145,0.0,0.001,0.0025037556334501754,0.0,0.001998001998001998,0.004995004995004995,0.0,0.001998001998001998,0.004995004995004995,0.0,1.0
llama8b,seed0,draw2,joint_z_diagnostic,fixed_module_min_quota,6815744,1001,1001,303,0.1783402001177163,0.3026973026973027,0.3026973026973027,0.3026973026973027,False,False,2.1721627371651784,0.14701271057128906,2.167,0.0,0.001,0.003006012024048096,0.0,0.001998001998001998,0.005994005994005994,0.0,0.001998001998001998,0.005994005994005994,0.0,1.0
llama8b,seed0,draw3,joint_z_diagnostic,fixed_module_min_quota,6815744,1001,1001,325,0.1937984496124031,0.3246753246753247,0.3246753246753247,0.3246753246753247,False,False,2.1721627371651784,0.14701271057128906,2.12,0.0,0.001,0.0025037556334501754,0.0,0.001998001998001998,0.004995004995004995,0.0,0.001998001998001998,0.004995004995004995,0.0,1.0
llama8b,seed0,draw4,joint_z_diagnostic,fixed_module_min_quota,6815744,1001,1001,302,0.1776470588235294,0.3016983016983017,0.3016983016983017,0.3016983016983017,False,False,2.1721627371651784,0.14701271057128906,2.158,0.0,0.001,0.002516312043215112,0.0,0.001998001998001998,0.005019980019979997,0.0,0.001998001998001998,0.005019980019979997,0.0,1.0
llama8b,draw1,draw2,joint_z_diagnostic,fixed_module_min_quota,6815744,1001,1001,312,0.18461538461538463,0.3116883116883117,0.3116883116883117,0.3116883116883117,False,False,2.1721627371651784,0.14701271057128906,2.187,0.0,0.001,0.0025037556334501754,0.0,0.001998001998001998,0.004995004995004995,0.0,0.001998001998001998,0.004995004995004995,0.0,1.0
llama8b,draw1,draw3,joint_z_diagnostic,fixed_module_min_quota,6815744,1001,1001,329,0.19665271966527198,0.32867132867132864,0.32867132867132864,0.32867132867132864,False,False,2.1721627371651784,0.14701271057128906,2.137,0.0,0.001,0.0025037556334501754,0.0,0.001998001998001998,0.004995004995004995,0.0,0.001998001998001998,0.004995004995004995,0.0,1.0
llama8b,draw1,draw4,joint_z_diagnostic,fixed_module_min_quota,6815744,1001,1001,310,0.18321513002364065,0.3096903096903097,0.3096903096903097,0.3096903096903097,False,False,2.1721627371651784,0.14701271057128906,2.176,0.0,0.001,0.0025037556334501754,0.0,0.001998001998001998,0.004995004995004995,0.0,0.001998001998001998,0.004995004995004995,0.0,1.0
llama8b,draw2,draw3,joint_z_diagnostic,fixed_module_min_quota,6815744,1001,1001,298,0.17488262910798122,0.2977022977022977,0.2977022977022977,0.2977022977022977,False,False,2.1721627371651784,0.14701271057128906,2.216,0.0,0.001,0.003006012024048096,0.0,0.001998001998001998,0.005994005994005994,0.0,0.001998001998001998,0.005994005994005994,0.0,1.0
llama8b,draw2,draw4,joint_z_diagnostic,fixed_module_min_quota,6815744,1001,1001,273,0.15789473684210525,0.2727272727272727,0.2727272727272727,0.2727272727272727,False,False,2.1721627371651784,0.14701271057128906,2.205,0.0,0.001,0.0025037556334501754,0.0,0.001998001998001998,0.004995004995004995,0.0,0.001998001998001998,0.004995004995004995,0.0,1.0
llama8b,draw3,draw4,joint_z_diagnostic,fixed_module_min_quota,6815744,1001,1001,301,0.17695473251028807,0.3006993006993007,0.3006993006993007,0.3006993006993007,False,False,2.1721627371651784,0.14701271057128906,2.126,0.0,0.001,0.003006012024048096,0.0,0.001998001998001998,0.005994005994005994,0.0,0.001998001998001998,0.005994005994005994,0.0,1.0
llama8b,seed0,draw1,joint_upper_primary,global_fraction_0.001,6815744,6815,6815,1545,0.1278444352503103,0.22670579603815114,0.22670579603815114,0.22670579603815114,False,False,93.65733119419643,6.814256081214318,93.78,0.005607200826324332,0.006944444444444444,0.008210666469413418,0.011151870873074102,0.013793103448275862,0.016287600880410858,0.011151870873074102,0.013793103448275862,0.016287600880410858,0.28701393983859136,0.8804648351617089
llama8b,seed0,draw2,joint_upper_primary,global_fraction_0.001,6815744,6815,6815,1587,0.13177779623017521,0.23286867204695524,0.23286867204695524,0.23286867204695524,False,False,97.0235595703125,6.814256081214318,97.176,0.005829828056969966,0.00716766422818296,0.008732978093546477,0.011592076302274395,0.014233308877476156,0.017314746881878208,0.011592076302274395,0.014233308877476156,0.017314746881878208,0.24915627292736608,0.8533471839038355
llama8b,seed0,draw3,joint_upper_primary,global_fraction_0.001,6815744,6815,6815,1699,0.14240214567094125,0.24930300807043287,0.24930300807043287,0.24930300807043287,False,False,132.11125837053572,6.814256081214318,131.896,0.008283384726537822,0.00977922655208179,0.011352674927654523,0.016430667644900955,0.019369038884812912,0.022450476889214966,0.016430667644900955,0.019369038884812912,0.022450476889214966,0.43815113719735876,0.8358172082408357
llama8b,seed0,draw4,joint_upper_primary,global_fraction_0.001,6815744,6815,6815,1623,0.13517115016240527,0.23815113719735878,0.23815113719735878,0.23815113719735878,False,False,105.33446393694196,6.814256081214318,105.256,0.006349675132900177,0.007763401109057301,0.009182972856195714,0.012619222303741746,0.015407190022010272,0.01819882611885546,0.012619222303741746,0.015407190022010272,0.01819882611885546,0.3457079970652972,0.8109339633157642
llama8b,draw1,draw2,joint_upper_primary,global_fraction_0.001,6815744,6815,6815,1497,0.12338251050853045,0.21966250917094643,0.21966250917094643,0.21966250917094643,False,False,91.939453125,6.814256081214318,92.441,0.0054588374151667155,0.006795686216575565,0.008210666469413418,0.010858400586940571,0.013499633162142333,0.016287600880410858,0.010858400586940571,0.013499633162142333,0.016287600880410858,0.2600146735143067,0.8889659269638691
llama8b,draw1,draw3,joint_upper_primary,global_fraction_0.001,6815744,6815,6815,1653,0.13801452784503632,0.2425531914893617,0.2425531914893617,0.2425531914893617,False,False,127.89533342633929,6.814256081214318,127.897,0.007837917775805975,0.009480077025625833,0.011202611469693598,0.015553925165077037,0.018782098312545854,0.02215700660308144,0.015553925165077037,0.018782098312545854,0.02215700660308144,0.46837857666911226,0.8390239994203106
llama8b,draw1,draw4,joint_upper_primary,global_fraction_0.001,6815744,6815,6815,1579,0.13102647083229607,0.23169479090242112,0.23169479090242112,0.23169479090242112,False,False,101.1116943359375,6.814256081214318,101.1,0.006124961149047977,0.007465444600487841,0.008807638220709051,0.012175348495964784,0.014820249449743214,0.017461482024944974,0.012175348495964784,0.014820249449743214,0.017461482024944974,0.35539251650770365,0.8013161266485578
llama8b,draw2,draw3,joint_upper_primary,global_fraction_0.001,6815744,6815,6815,1677,0.14029950640006694,0.24607483492296406,0.24607483492296406,0.24607483492296406,False,False,131.09992327008928,6.814256081214318,130.967,0.008136094674556213,0.009704422549818506,0.011352674927654523,0.016140865737344093,0.019222303741746147,0.022450476889214966,0.016140865737344093,0.019222303741746147,0.022450476889214966,0.4314013206162876,0.836910684264839
llama8b,draw2,draw4,joint_upper_primary,global_fraction_0.001,6815744,6815,6815,1583,0.1314020087988711,0.2322817314746882,0.2322817314746882,0.2322817314746882,False,False,103.87473842075893,6.814256081214318,104.009,0.006349675132900177,0.007688895460594411,0.009106389279632783,0.012619222303741746,0.015260454878943506,0.01804842259721203,0.012619222303741746,0.015260454878943506,0.01804842259721203,0.32223037417461486,0.8284077928057716
llama8b,draw3,draw4,joint_upper_primary,global_fraction_0.001,6815744,6815,6815,1784,0.15059935843322642,0.2617754952311078,0.2617754952311078,0.2617754952311078,False,False,146.66249302455358,6.814256081214318,146.398,0.009328700281710652,0.010827647582319787,0.012479572128955578,0.01848495964783566,0.021423330887747616,0.024651504035216435,0.01848495964783566,0.021423330887747616,0.024651504035216435,0.29728539985326485,0.8546021613786775
llama8b,seed0,draw1,joint_upper_primary,global_fraction_0.005,6815744,34078,34078,12690,0.22878880755778314,0.37238100827513354,0.37238100827513354,0.37238100827513354,False,False,2201.193830217634,170.3864000760592,2200.206,0.032119330657984405,0.03333990327031248,0.034595167740820124,0.06223956804976818,0.06452843476729855,0.06687672398614943,0.06223956804976818,0.06452843476729855,0.06687672398614943,0.17307353717941193,0.9653337354405856
llama8b,seed0,draw2,joint_upper_primary,global_fraction_0.005,6815744,34078,34078,12943,0.23441943020665423,0.37980515288455896,0.37980515288455896,0.37980515288455896,False,False,2170.2515694754466,170.3864000760592,2169.953,0.03161902629005322,0.032901416988709555,0.034124233442400675,0.06129981219555138,0.06370679030459533,0.06599639063325313,0.06129981219555138,0.06370679030459533,0.06599639063325313,0.1588121368624919,0.9484267264105221
llama8b,seed0,draw3,joint_upper_primary,global_fraction_0.005,6815744,34078,34078,11281,0.19834725274725273,0.3310346851341041,0.3310346851341041,0.3310346851341041,False,False,2266.8959524972097,170.3864000760592,2269.445,0.03329172993566868,0.034445599689239895,0.03563273451553608,0.06443820059862668,0.06659721814660485,0.06881345736252127,0.06443820059862668,0.06659721814660485,0.06881345736252127,0.38323845296085457,0.9188109646368616
llama8b,seed0,draw4,joint_upper_primary,global_fraction_0.005,6815744,34078,34078,12021,0.21414447314509663,0.3527495745055461,0.3527495745055461,0.3527495745055461,False,False,2134.9483642578125,170.3864000760592,2134.117,0.03111959670177034,0.032338195422668546,0.03343391305666328,0.060360789952461996,0.06265039028111978,0.06470450143787781,0.060360789952461996,0.06265039028111978,0.06470450143787781,0.27800927284465055,0.9161360866989877
llama8b,draw1,draw2,joint_upper_primary,global_fraction_0.005,6815744,34078,34078,12543,0.22554079082228976,0.36806737484594165,0.36806737484594165,0.36806737484594165,False,False,2159.284511021205,170.3864000760592,2160.163,0.03143207372992933,0.03274490491703917,0.03398303674310151,0.060948412465520276,0.06341334585362991,0.06573229062738424,0.060948412465520276,0.06341334585362991,0.06573229062738424,0.1463700921415576,0.9675542220642745
llama8b,draw1,draw3,joint_upper_primary,global_fraction_0.005,6815744,34078,34078,11494,0.2028519995764357,0.33728505193966785,0.33728505193966785,0.33728505193966785,False,False,2349.3322405133927,170.3864000760592,2348.715,0.034484852164410176,0.03569529077453766,0.03689318468780536,0.0666705792593462,0.06893010153178003,0.07116101297024473,0.0666705792593462,0.06893010153178003,0.07116101297024473,0.3083514290744762,0.938277214661803
llama8b,draw1,draw4,joint_upper_primary,global_fraction_0.005,6815744,34078,34078,11979,0.2132367338946544,0.35151710781149126,0.35151710781149126,0.35151710781149126,False,False,2162.1356288364955,170.3864000760592,2161.668,0.031510125011350906,0.03277620353673875,0.03393558761510338,0.06109513469100299,0.063472034743823,0.0656435236809672,0.06109513469100299,0.063472034743823,0.0656435236809672,0.2140970714243794,0.9265163692659808
llama8b,draw2,draw3,joint_upper_primary,global_fraction_0.005,6815744,34078,34078,11628,0.20570336824228702,0.3412172075826046,0.3412172075826046,0.3412172075826046,False,False,2284.188153948103,170.3864000760592,2284.867,0.0335122676128954,0.03468901337462616,0.0358845793373091,0.06485122366336053,0.06705205704560127,0.06928296848406597,0.06485122366336053,0.06705205704560127,0.06928296848406597,0.3136921180820471,0.9303851792116529
llama8b,draw2,draw4,joint_upper_primary,global_fraction_0.005,6815744,34078,34078,12155,0.21704969554115106,0.35668173014848287,0.35668173014848287,0.35668173014848287,False,False,2118.2806570870534,170.3864000760592,2120.366,0.030947249771247045,0.032103701011569445,0.03326157484612353,0.0600365338341452,0.062210223604671634,0.06438171254181584,0.0600365338341452,0.062210223604671634,0.06438171254181584,0.18962380421386232,0.9495057847195977
llama8b,draw3,draw4,joint_upper_primary,global_fraction_0.005,6815744,34078,34078,12083,0.2154869545057336,0.3545689301015318,0.3545689301015318,0.3545689301015318,False,False,2362.112566266741,170.3864000760592,2361.551,0.03460930244318928,0.03593142023346303,0.037114078978599974,0.06690313398673631,0.06937026820822818,0.07157183520159634,0.06690313398673631,0.06937026820822818,0.07157183520159634,0.20517636011503027,0.9397406698561859
llama8b,seed0,draw1,joint_upper_primary,global_fraction_0.01,6815744,68157,68157,27923,0.25761363950881533,0.40968645920448377,0.40968645920448377,0.40968645920448377,False,False,6724.208339146206,681.5656000284048,6727.072,0.05089737264092759,0.05190295397722011,0.05295153406383279,0.09686459204483766,0.09868392094722479,0.10057734348636237,0.09686459204483766,0.09868392094722479,0.10057734348636237,0.1433455110993735,0.9813162398472886
llama8b,seed0,draw2,joint_upper_primary,global_fraction_0.01,6815744,68157,68157,28475,0.2640510390489526,0.417785407221562,0.417785407221562,0.417785407221562,False,False,6683.222263881138,681.5656000284048,6686.678,0.050557005843921615,0.05158647503992224,0.05262629543168138,0.09624800093900847,0.09811171266340948,0.09999046319526973,0.09624800093900847,0.09811171266340948,0.09999046319526973,0.1540560764118139,0.9628462493646054
llama8b,seed0,draw3,joint_upper_primary,global_fraction_0.01,6815744,68157,68157,24228,0.21615545206359402,0.35547339231480257,0.35547339231480257,0.35547339231480257,False,False,6467.866594587053,681.5656000284048,6468.767,0.048883492406277776,0.0498209403519581,0.05082466424722335,0.0932105286324222,0.09491321507695467,0.09673291077952376,0.0932105286324222,0.09491321507695467,0.09673291077952376,0.33290784512229116,0.9570094775586044
llama8b,seed0,draw4,joint_upper_primary,global_fraction_0.01,6815744,68157,68157,26714,0.24374087591240876,0.3919480024062092,0.3919480024062092,0.3919480024062092,False,False,6515.365155901228,681.5656000284048,6514.963,0.049142021963120404,0.050217264014299365,0.05118101128187728,0.09368039966547823,0.09563214343354315,0.0973781122995437,0.09368039966547823,0.09563214343354315,0.0973781122995437,0.24109042358085006,0.9475686823679149
llama8b,draw1,draw2,joint_upper_primary,global_fraction_0.01,6815744,68157,68157,27685,0.25485827909674214,0.40619452147248264,0.40619452147248264,0.40619452147248264,False,False,6507.332284109933,681.5656000284048,6506.029,0.04915029862693184,0.05012017749291261,0.0511647992350342,0.09369543847293749,0.09545607934621536,0.09734876828498908,0.09369543847293749,0.09545607934621536,0.09734876828498908,0.12796924747274674,0.9803608458034065
llama8b,draw1,draw3,joint_upper_primary,global_fraction_0.01,6815744,68157,68157,24177,0.21560234356189303,0.3547251199436595,0.3547251199436595,0.3547251199436595,False,False,6495.419206891741,681.5656000284048,6493.464,0.04903726277877823,0.0500271531012066,0.05103512086048036,0.09349003037105506,0.09528735126252623,0.09711401616855202,0.09349003037105506,0.09528735126252623,0.09711401616855202,0.23968191088222782,0.9747137495063507
llama8b,draw1,draw4,joint_upper_primary,global_fraction_0.01,6815744,68157,68157,26476,0.24104590396766146,0.38845606467420807,0.38845606467420807,0.38845606467420807,False,False,6421.760149274553,681.5656000284048,6418.565,0.04838374749082854,0.049412797225613855,0.05041189564300456,0.0923015977815925,0.09417227870945025,0.09598500520856258,0.0923015977815925,0.09417227870945025,0.09598500520856258,0.1646786096805904,0.9657818173860842
llama8b,draw2,draw3,joint_upper_primary,global_fraction_0.01,6815744,68157,68157,24677,0.22104678556392593,0.3620611235823173,0.3620611235823173,0.3620611235823173,False,False,6423.353254045759,681.5656000284048,6425.845,0.04845571528904881,0.049465312690066134,0.05044447618142799,0.09243254544654254,0.0942676467567528,0.09604406003785378,0.09243254544654254,0.0942676467567528,0.09604406003785378,0.2397112548967824,0.9659761216864435
llama8b,draw2,draw4,joint_upper_primary,global_fraction_0.01,6815744,68157,68157,26877,0.24559335508100552,0.39433953959241164,0.39433953959241164,0.39433953959241164,False,False,6376.603986467634,681.5656000284048,6377.274,0.048060719783595045,0.049077629928349895,0.0501044026346882,0.09171361708995408,0.09356339040744165,0.09542746893202458,0.09171361708995408,0.09356339040744165,0.09542746893202458,0.13090364892820983,0.9778316412149048
llama8b,draw3,draw4,joint_upper_primary,global_fraction_0.01,6815744,68157,68157,24940,0.22393018119130137,0.3659198614962513,0.3659198614962513,0.3659198614962513,False,False,6467.029401506697,681.5656000284048,6470.776,0.04886775466863646,0.04982902559995071,0.050848764242433585,0.09318191821823144,0.094927887084232,0.09677656000117377,0.09318191821823144,0.094927887084232,0.09677656000117377,0.17665096761887994,0.9746690179281521
llama8b,seed0,draw1,joint_upper_primary,global_fraction_0.02,6815744,136314,136314,55018,0.2528284545746979,0.4036122481916751,0.4036122481916751,0.4036122481916751,False,False,18665.04798235212,2726.262400113619,18666.821,0.0726670044477188,0.07352243396430805,0.07436218759605609,0.13548846780228002,0.13697419193919919,0.13843038866147278,0.13548846780228002,0.13697419193919919,0.13843038866147278,0.12503484601728362,0.9904537428421234
llama8b,seed0,draw2,joint_upper_primary,global_fraction_0.02,6815744,136314,136314,55790,0.25728885158505427,0.40927564300071895,0.40927564300071895,0.40927564300071895,False,False,18559.7670375279,2726.262400113619,18558.638,0.07218598274733057,0.0730428622033298,0.07395166532075398,0.1346519799873821,0.13614155552621154,0.13771879630852296,0.1346519799873821,0.13614155552621154,0.13771879630852296,0.16219904045072406,0.975696846819031
llama8b,seed0,draw3,joint_upper_primary,global_fraction_0.02,6815744,136314,136314,47827,0.21275261231044346,0.3508590460260868,0.3508590460260868,0.3508590460260868,False,False,17216.692574637276,2726.262400113619,17214.719,0.0665652633948338,0.06739855176427548,0.06821211079662874,0.12482173511158061,0.12628563463767478,0.1277126707454847,0.12482173511158061,0.12628563463767478,0.1277126707454847,0.28873043121029385,0.9732948845875831
llama8b,seed0,draw4,joint_upper_primary,global_fraction_0.02,6815744,136314,136314,53163,0.24223908140250153,0.39000396144196486,0.39000396144196486,0.39000396144196486,False,False,18069.874363490515,2726.262400113619,18068.892,0.07016568887704903,0.07097737272155877,0.07182399831625494,0.13113051484073537,0.1325469137432692,0.13402200067491232,0.13113051484073537,0.1325469137432692,0.13402200067491232,0.21686693956600203,0.9688970367849641
llama8b,draw1,draw2,joint_upper_primary,global_fraction_0.02,6815744,136314,136314,53899,0.24641908480356972,0.39540326012001703,0.39540326012001703,0.39540326012001703,False,False,17888.14119175502,2726.262400113619,17884.271,0.06940179469401712,0.07020381245485664,0.07102386397747953,0.1297955455785906,0.13119708907375618,0.1326279765834764,0.1297955455785906,0.13119708907375618,0.1326279765834764,0.1330897780125299,0.9862210677918439
llama8b,draw1,draw3,joint_upper_primary,global_fraction_0.02,6815744,136314,136314,47410,0.21050715306947046,0.3477999325087665,0.3477999325087665,0.3477999325087665,False,False,16975.751220703125,2726.262400113619,16976.505,0.06565245942649864,0.06640902326043892,0.0671500576532677,0.12321551711489649,0.12454700177531289,0.12584932582126562,0.12321551711489649,0.12454700177531289,0.12584932582126562,0.1896797100811362,0.986978285932137
llama8b,draw1,draw4,joint_upper_primary,global_fraction_0.02,6815744,136314,136314,52171,0.23664932390443488,0.38272664583241633,0.38272664583241633,0.38272664583241633,False,False,17542.533525739396,2726.262400113619,17536.557,0.06794388935074414,0.06874801541410712,0.06959080387618188,0.12724243291224674,0.12865149581114194,0.13012603254251215,0.12724243291224674,0.12865149581114194,0.13012603254251215,0.15044676262159426,0.98290497222741
llama8b,draw2,draw3,joint_upper_primary,global_fraction_0.02,6815744,136314,136314,48259,0.21508764579777065,0.354028199597987,0.354028199597987,0.354028199597987,False,False,16899.752790178572,2726.262400113619,16894.985,0.06522286358243237,0.06607333487140785,0.06682016446987644,0.12245862493947797,0.12395645348240093,0.12526978153381166,0.12245862493947797,0.12395645348240093,0.12526978153381166,0.19934856287688718,0.9838694178369445
llama8b,draw2,draw4,joint_upper_primary,global_fraction_0.02,6815744,136314,136314,53072,0.24172420703601816,0.389336385110847,0.389336385110847,0.389336385110847,False,False,17527.271623883928,2726.262400113619,17524.825,0.06780177822204889,0.06868726860474314,0.06955324845555116,0.12699319218862334,0.1285451237583814,0.13006037530994613,0.12699319218862334,0.1285451237583814,0.13006037530994613,0.09145062135950821,0.9916034778736611
llama8b,draw3,draw4,joint_upper_primary,global_fraction_0.02,6815744,136314,136314,48063,0.2140271190969207,0.35259034288481006,0.35259034288481006,0.35259034288481006,False,False,16754.30607386998,2726.262400113619,16758.896,0.06466190254053103,0.06548586793396699,0.06629849380272766,0.12146936484880497,0.12292207696935017,0.12435259767888845,0.12146936484880497,0.12292207696935017,0.12435259767888845,0.16667400267030535,0.9859074098602053
llama8b,seed0,draw1,joint_upper_primary,global_fraction_0.05,6815744,340787,340787,125581,0.2258679515749299,0.36850290650758394,0.36850290650758394,0.36850290650758394,False,False,64441.80041503906,17039.34000000587,64439.226,0.10380820665587823,0.10442890291803321,0.1050072999168719,0.1880910216645588,0.18910932635341138,0.1900572058206446,0.1880910216645588,0.18910932635341138,0.1900572058206446,0.12509279990140468,0.992017866909497
llama8b,seed0,draw2,joint_upper_primary,global_fraction_0.05,6815744,340787,340787,124992,0.22457068320570914,0.3667745541936752,0.3667745541936752,0.3667745541936752,False,False,63243.94478062221,17039.34000000587,63238.009,0.10164759654783491,0.10228819240392523,0.10280095592672954,0.18453740899740895,0.1855924668487941,0.18643610231610946,0.18453740899740895,0.1855924668487941,0.18643610231610946,0.17311106350887798,0.9806890300153437
llama8b,seed0,draw3,joint_upper_primary,global_fraction_0.05,6815744,340787,340787,110833,0.19419141081506322,0.3252266078224815,0.3252266078224815,0.3252266078224815,False,False,58284.0048828125,17039.34000000587,58278.296,0.09291205226284448,0.09350147201565871,0.09409490872966102,0.17002658552116132,0.1710129787814676,0.17200502073142462,0.17002658552116132,0.1710129787814676,0.17200502073142462,0.24372995448770057,0.9790619924373288
llama8b,seed0,draw4,joint_upper_primary,global_fraction_0.05,6815744,340787,340787,121509,0.21695517484577684,0.35655409390616427,0.35655409390616427,0.35655409390616427,False,False,61996.618704659595,17039.34000000587,62003.816,0.09950079372462589,0.10007763461373956,0.10067654382469114,0.18099267284256737,0.1819464944378747,0.18293574872280924,0.18099267284256737,0.1819464944378747,0.18293574872280924,0.20709710170869192,0.9780477583586998
llama8b,draw1,draw2,joint_upper_primary,global_fraction_0.05,6815744,340787,340787,122667,0.219476585550011,0.35995211084929885,0.35995211084929885,0.35995211084929885,False,False,61752.67540631975,17039.34000000587,61752.988,0.09904341600762039,0.09963037715727605,0.10020913003435,0.18023567506976498,0.18120702961087132,0.18216378559041277,0.18023567506976498,0.18120702961087132,0.18216378559041277,0.1449585811665351,0.9906207850855409
llama8b,draw1,draw3,joint_upper_primary,global_fraction_0.05,6815744,340787,340787,110854,0.194235351836277,0.32528822989139844,0.32528822989139844,0.32528822989139844,False,False,57922.50919886998,17039.34000000587,57920.096,0.09225705478150784,0.09286149504818705,0.09344371183175344,0.16892919917719867,0.16994192853600637,0.17091636418055853,0.16892919917719867,0.16994192853600637,0.17091636418055853,0.15484158726711994,0.9918347104255903
llama8b,draw1,draw4,joint_upper_primary,global_fraction_0.05,6815744,340787,340787,120729,0.21526268398577147,0.35426527420353476,0.35426527420353476,0.35426527420353476,False,False,60793.40000697545,17039.34000000587,60803.08,0.09735708546238708,0.09794401496199094,0.09854042554518724,0.1774392068946292,0.17841349581996965,0.17940245666648083,0.1774392068946292,0.17841349581996965,0.17940245666648083,0.15654939889138966,0.9897086799714367
llama8b,draw2,draw3,joint_upper_primary,global_fraction_0.05,6815744,340787,340787,110923,0.1943797522478713,0.3254907024035541,0.3254907024035541,0.3254907024035541,False,False,56940.118451799666,17039.34000000587,56931.667,0.09056533793323351,0.09114253352987782,0.09171334576082714,0.16608878859815662,0.16705889602596344,0.1680172659168337,0.16608878859815662,0.16705889602596344,0.1680172659168337,0.1714208581900131,0.9904536339185688
llama8b,draw2,draw4,joint_upper_primary,global_fraction_0.05,6815744,340787,340787,120528,0.21482730471298253,0.35367546297247254,0.35367546297247254,0.35367546297247254,False,False,60196.80277797154,17039.34000000587,60200.368,0.09628922261635235,0.09687324483125435,0.09748819634212316,0.17566390443297425,0.17663525897408058,0.1776569382048024,0.17566390443297425,0.17663525897408058,0.1776569382048024,0.06385220093489483,0.9967763392882251
llama8b,draw3,draw4,joint_upper_primary,global_fraction_0.05,6815744,340787,340787,110685,0.19388182291128397,0.3247923189558287,0.3247923189558287,0.3247923189558287,False,False,56431.75355747768,17039.34000000587,56426.273,0.0897232942956181,0.09024801849141413,0.0908432967699612,0.16467170109188436,0.16555502410596648,0.16655608928744348,0.16467170109188436,0.16555502410596648,0.16655608928744348,0.16053429268135228,0.9907013220185759
qwen4b,seed0,draw1,joint_upper_primary,fixed_module_min_quota,3548160,2082,2082,866,0.26258338386901153,0.4159462055715658,0.4159462055715658,0.4159462055715658,False,False,17.598427220394736,1.221682224025974,17.649,0.002407318247472316,0.004341534008683068,0.006283228612856452,0.004803073967339097,0.008645533141210375,0.012487992315081652,0.004803073967339097,0.008645533141210375,0.012487992315081652,0.0,1.0
qwen4b,seed0,draw2,joint_upper_primary,fixed_module_min_quota,3548160,2082,2082,821,0.24558779539335926,0.3943323727185399,0.3943323727185399,0.3943323727185399,False,False,17.598427220394736,1.221682224025974,17.848,0.0026486876956417047,0.004341534008683068,0.006526468455402465,0.005283381364073006,0.008645533141210375,0.012968299711815562,0.005283381364073006,0.008645533141210375,0.012968299711815562,0.0,1.0
qwen4b,seed0,draw3,joint_upper_primary,fixed_module_min_quota,3548160,2082,2082,800,0.23781212841854935,0.38424591738712777,0.38424591738712777,0.38424591738712777,False,False,17.598427220394736,1.221682224025974,17.687,0.002407318247472316,0.004341534008683068,0.006040106305870983,0.004803073967339097,0.008645533141210375,0.012007684918347743,0.004803073967339097,0.008645533141210375,0.012007684918347743,0.0,1.0
qwen4b,seed0,draw4,joint_upper_primary,fixed_module_min_quota,3548160,2082,2082,779,0.23013293943870014,0.37415946205571565,0.37415946205571565,0.37415946205571565,False,False,17.598427220394736,1.221682224025974,17.518,0.002407318247472316,0.004099348926935134,0.006046184363545614,0.004803073967339097,0.008165225744476465,0.01201969260326608,0.004803073967339097,0.008165225744476465,0.01201969260326608,0.0,1.0
qwen4b,draw1,draw2,joint_upper_primary,fixed_module_min_quota,3548160,2082,2082,811,0.2418729495973755,0.3895292987512008,0.3895292987512008,0.3895292987512008,False,False,17.598427220394736,1.221682224025974,17.605,0.002407318247472316,0.004341534008683068,0.006283228612856452,0.004803073967339097,0.008645533141210375,0.012487992315081652,0.004803073967339097,0.008645533141210375,0.012487992315081652,0.0,1.0
qwen4b,draw1,draw3,joint_upper_primary,fixed_module_min_quota,3548160,2082,2082,798,0.23707664884135474,0.38328530259365995,0.38328530259365995,0.38328530259365995,False,False,17.598427220394736,1.221682224025974,17.808,0.002407318247472316,0.004341534008683068,0.006526468455402465,0.004803073967339097,0.008645533141210375,0.012968299711815562,0.004803073967339097,0.008645533141210375,0.012968299711815562,0.0,1.0
qwen4b,draw1,draw4,joint_upper_primary,fixed_module_min_quota,3548160,2082,2082,760,0.22326674500587543,0.36503362151777136,0.36503362151777136,0.36503362151777136,False,False,17.598427220394736,1.221682224025974,17.517,0.0026486876956417047,0.004099348926935134,0.006040106305870983,0.005283381364073006,0.008165225744476465,0.012007684918347743,0.005283381364073006,0.008165225744476465,0.012007684918347743,0.0,1.0
qwen4b,draw2,draw3,joint_upper_primary,fixed_module_min_quota,3548160,2082,2082,778,0.2297696396928529,0.37367915465898177,0.37367915465898177,0.37367915465898177,False,False,17.598427220394736,1.221682224025974,17.904,0.002407318247472316,0.004341534008683068,0.006283228612856452,0.004803073967339097,0.008645533141210375,0.012487992315081652,0.004803073967339097,0.008645533141210375,0.012487992315081652,0.0,1.0
qwen4b,draw2,draw4,joint_upper_primary,fixed_module_min_quota,3548160,2082,2082,728,0.21187427240977882,0.34966378482228627,0.34966378482228627,0.34966378482228627,False,False,17.598427220394736,1.221682224025974,17.72,0.002407318247472316,0.004341534008683068,0.006526468455402465,0.004803073967339097,0.008645533141210375,0.012968299711815562,0.004803073967339097,0.008645533141210375,0.012968299711815562,0.0,1.0
qwen4b,draw3,draw4,joint_upper_primary,fixed_module_min_quota,3548160,2082,2082,726,0.2111692844677138,0.34870317002881845,0.34870317002881845,0.34870317002881845,False,False,17.598427220394736,1.221682224025974,17.576,0.002407318247472316,0.004099348926935134,0.006283228612856452,0.004803073967339097,0.008165225744476465,0.012487992315081652,0.004803073967339097,0.008165225744476465,0.012487992315081652,0.0,1.0
qwen4b,seed0,draw1,joint_z_diagnostic,fixed_module_min_quota,3548160,2082,2082,791,0.23450933886747702,0.37992315081652256,0.37992315081652256,0.37992315081652256,False,False,17.598427220394736,1.221682224025974,17.531,0.002407318247472316,0.004099348926935134,0.006283228612856452,0.004803073967339097,0.008165225744476465,0.012487992315081652,0.004803073967339097,0.008165225744476465,0.012487992315081652,0.0,1.0
qwen4b,seed0,draw2,joint_z_diagnostic,fixed_module_min_quota,3548160,2082,2082,786,0.23268206039076378,0.37752161383285304,0.37752161383285304,0.37752161383285304,False,False,17.598427220394736,1.221682224025974,17.501,0.002407318247472316,0.004099348926935134,0.006040106305870983,0.004803073967339097,0.008165225744476465,0.012007684918347743,0.004803073967339097,0.008165225744476465,0.012007684918347743,0.0,1.0
qwen4b,seed0,draw3,joint_z_diagnostic,fixed_module_min_quota,3548160,2082,2082,762,0.2239858906525573,0.3659942363112392,0.3659942363112392,0.3659942363112392,False,False,17.598427220394736,1.221682224025974,17.586,0.002407318247472316,0.004099348926935134,0.006283228612856452,0.004803073967339097,0.008165225744476465,0.012487992315081652,0.004803073967339097,0.008165225744476465,0.012487992315081652,0.0,1.0
qwen4b,seed0,draw4,joint_z_diagnostic,fixed_module_min_quota,3548160,2082,2082,745,0.21789997075168177,0.35782901056676275,0.35782901056676275,0.35782901056676275,False,False,17.598427220394736,1.221682224025974,17.567,0.002407318247472316,0.004099348926935134,0.006283228612856452,0.004803073967339097,0.008165225744476465,0.012487992315081652,0.004803073967339097,0.008165225744476465,0.012487992315081652,0.0,1.0
qwen4b,draw1,draw2,joint_z_diagnostic,fixed_module_min_quota,3548160,2082,2082,769,0.22650957290132548,0.36935638808837656,0.36935638808837656,0.36935638808837656,False,False,17.598427220394736,1.221682224025974,17.766,0.002407318247472316,0.004099348926935134,0.006526468455402465,0.004803073967339097,0.008165225744476465,0.012968299711815562,0.004803073967339097,0.008165225744476465,0.012968299711815562,0.0,1.0
qwen4b,draw1,draw3,joint_z_diagnostic,fixed_module_min_quota,3548160,2082,2082,768,0.22614840989399293,0.3688760806916426,0.3688760806916426,0.3688760806916426,False,False,17.598427220394736,1.221682224025974,17.473,0.002407318247472316,0.004099348926935134,0.006526468455402465,0.004803073967339097,0.008165225744476465,0.012968299711815562,0.004803073967339097,0.008165225744476465,0.012968299711815562,0.0,1.0
qwen4b,draw1,draw4,joint_z_diagnostic,fixed_module_min_quota,3548160,2082,2082,724,0.21046511627906977,0.34774255523535064,0.34774255523535064,0.34774255523535064,False,False,17.598427220394736,1.221682224025974,17.57,0.002407318247472316,0.004099348926935134,0.006283228612856452,0.004803073967339097,0.008165225744476465,0.012487992315081652,0.004803073967339097,0.008165225744476465,0.012487992315081652,0.0,1.0
qwen4b,draw2,draw3,joint_z_diagnostic,fixed_module_min_quota,3548160,2082,2082,756,0.22183098591549297,0.3631123919308357,0.3631123919308357,0.3631123919308357,False,False,17.598427220394736,1.221682224025974,17.64,0.0026486876956417047,0.004099348926935134,0.006040106305870983,0.005283381364073006,0.008165225744476465,0.012007684918347743,0.005283381364073006,0.008165225744476465,0.012007684918347743,0.0,1.0
qwen4b,draw2,draw4,joint_z_diagnostic,fixed_module_min_quota,3548160,2082,2082,709,0.20520984081041968,0.340537944284342,0.340537944284342,0.340537944284342,False,False,17.598427220394736,1.221682224025974,17.437,0.002407318247472316,0.004099348926935134,0.006283228612856452,0.004803073967339097,0.008165225744476465,0.012487992315081652,0.004803073967339097,0.008165225744476465,0.012487992315081652,0.0,1.0
qwen4b,draw3,draw4,joint_z_diagnostic,fixed_module_min_quota,3548160,2082,2082,720,0.20905923344947736,0.345821325648415,0.345821325648415,0.345821325648415,False,False,17.598427220394736,1.221682224025974,17.58,0.002407318247472316,0.004341534008683068,0.006283228612856452,0.004803073967339097,0.008645533141210375,0.012487992315081652,0.004803073967339097,0.008645533141210375,0.012487992315081652,0.0,1.0
qwen4b,seed0,draw1,joint_upper_primary,global_fraction_0.001,3548160,3548,3548,1155,0.19441171519946138,0.32553551296505073,0.32553551296505073,0.32553551296505073,False,False,28.77252775493421,3.547840007215007,28.94,0.0026847534265931894,0.004103580019810386,0.005668934240362812,0.005355129650507328,0.008173618940248028,0.011273957158962795,0.005355129650507328,0.008173618940248028,0.011273957158962795,0.27170236753100335,0.9004572129895607
qwen4b,seed0,draw2,joint_upper_primary,global_fraction_0.001,3548160,3548,3548,1076,0.1787375415282392,0.3032694475760992,0.3032694475760992,0.3032694475760992,False,False,23.347964638157894,3.547840007215007,23.281,0.0021183448665442733,0.0032518026297186486,0.004814500141602946,0.004227733934611048,0.006482525366403607,0.009582863585118376,0.004227733934611048,0.006482525366403607,0.009582863585118376,0.3320180383314543,0.8821561162078786
qwen4b,seed0,draw3,joint_upper_primary,global_fraction_0.001,3548160,3548,3548,1030,0.16979887899769205,0.290304396843292,0.290304396843292,0.290304396843292,False,False,23.56647820723684,3.547840007215007,23.447,0.0021183448665442733,0.0032518026297186486,0.004672235593940252,0.004227733934611048,0.006482525366403607,0.009301014656144307,0.004227733934611048,0.006482525366403607,0.009301014656144307,0.3754227733934611,0.9100965507813055
qwen4b,seed0,draw4,joint_upper_primary,global_fraction_0.001,3548160,3548,3548,911,0.14729183508488278,0.2567643742953777,0.2567643742953777,0.2567643742953777,False,False,24.9005859375,3.547840007215007,25.02,0.0022598870056497176,0.003535567812190638,0.004956804985129585,0.004509582863585118,0.007046223224351747,0.009864712514092447,0.004509582863585118,0.007046223224351747,0.009864712514092447,0.612739571589628,0.7215881186644757
qwen4b,draw1,draw2,joint_upper_primary,global_fraction_0.001,3548160,3548,3548,1114,0.1862253426947509,0.31397970687711385,0.31397970687711385,0.31397970687711385,False,False,24.65819798519737,3.547840007215007,24.733,0.0021183448665442733,0.003393665158371041,0.004956804985129585,0.004227733934611048,0.006764374295377677,0.009864712514092447,0.004227733934611048,0.006764374295377677,0.009864712514092447,0.44983089064261556,0.8037157863796952
qwen4b,draw1,draw3,joint_upper_primary,global_fraction_0.001,3548160,3548,3548,1031,0.16999175597691674,0.29058624577226605,0.29058624577226605,0.29058624577226605,False,False,25.3888671875,3.547840007215007,25.374,0.002401469134058483,0.003535567812190638,0.004956804985129585,0.004791431792559188,0.007046223224351747,0.009864712514092447,0.004791431792559188,0.007046223224351747,0.009864712514092447,0.4813979706877114,0.8640228289898669
qwen4b,draw1,draw4,joint_upper_primary,global_fraction_0.001,3548160,3548,3548,933,0.15138731137433067,0.26296505073280724,0.26296505073280724,0.26296505073280724,False,False,26.969413034539475,3.547840007215007,26.924,0.002401469134058483,0.0038194935634460318,0.005383961462170587,0.004791431792559188,0.007609921082299887,0.010710259301014656,0.004791431792559188,0.007609921082299887,0.010710259301014656,0.6116121758737316,0.7792428902155372
qwen4b,draw2,draw3,joint_upper_primary,global_fraction_0.001,3548160,3548,3548,1043,0.1723112506195275,0.2939684329199549,0.2939684329199549,0.2939684329199549,False,False,21.48753083881579,3.547840007215007,21.402,0.0018353804884935763,0.0029681978798586574,0.004387827317763623,0.0036640360766629085,0.005918827508455468,0.008737316798196167,0.0036640360766629085,0.005918827508455468,0.008737316798196167,0.342728297632469,0.8832506799858724
qwen4b,draw2,draw4,joint_upper_primary,global_fraction_0.001,3548160,3548,3548,836,0.13354632587859425,0.23562570462232243,0.23562570462232243,0.23562570462232243,False,False,21.972322162828945,3.547840007215007,21.781,0.0018353804884935763,0.0031099802092168505,0.004387827317763623,0.0036640360766629085,0.0062006764374295375,0.008737316798196167,0.0036640360766629085,0.0062006764374295375,0.008737316798196167,0.6843291995490416,0.6119091877153608
qwen4b,draw3,draw4,joint_upper_primary,global_fraction_0.001,3548160,3548,3548,886,0.1426731078904992,0.24971815107102593,0.24971815107102593,0.24971815107102593,False,False,23.915409128289472,3.547840007215007,23.703,0.0021183448665442733,0.0032518026297186486,0.004672235593940252,0.004227733934611048,0.006482525366403607,0.009301014656144307,0.004227733934611048,0.006482525366403607,0.009301014656144307,0.6420518602029313,0.6943512810691235
qwen4b,seed0,draw1,joint_upper_primary,global_fraction_0.005,3548160,17740,17740,11699,0.4919473529288087,0.6594701240135288,0.6594701240135288,0.6594701240135288,False,False,2494.5156455592105,88.69600018037518,2495.794,0.07313369870181946,0.0756730536017463,0.07822281650762779,0.13629932356257046,0.1406989853438557,0.1450958286358512,0.13629932356257046,0.1406989853438557,0.1450958286358512,0.07846674182638107,0.9131198044168991
qwen4b,seed0,draw2,joint_upper_primary,global_fraction_0.005,3548160,17740,17740,11638,0.48813019042026673,0.6560315670800451,0.6560315670800451,0.6560315670800451,False,False,2459.4737047697367,88.69600018037518,2457.676,0.07196728508089006,0.07443522500151414,0.07694724311664598,0.13427142051860202,0.13855693348365275,0.1428988162344983,0.13427142051860202,0.13855693348365275,0.1428988162344983,0.10169109357384441,0.8935630378938544
qwen4b,seed0,draw3,joint_upper_primary,global_fraction_0.005,3548160,17740,17740,11917,0.5057505411025761,0.6717587373167982,0.6717587373167982,0.6717587373167982,False,False,2625.0261667351974,88.69600018037518,2626.331,0.07740426953326653,0.07996225611055308,0.08249938979741274,0.14368658399098083,0.14808342728297633,0.152423900789177,0.14368658399098083,0.14808342728297633,0.152423900789177,0.10191657271702369,0.9119437042278606
qwen4b,seed0,draw4,joint_upper_primary,global_fraction_0.005,3548160,17740,17740,11083,0.4542771652252326,0.6247463359639234,0.6247463359639234,0.6247463359639234,False,False,2787.9104697779608,88.69600018037518,2790.105,0.0828628109262933,0.08534720097889263,0.08810991504891588,0.15304396843291995,0.157271702367531,0.16195039458850055,0.15304396843291995,0.157271702367531,0.16195039458850055,0.20541149943630213,0.7469128581313348
qwen4b,draw1,draw2,joint_upper_primary,global_fraction_0.005,3548160,17740,17740,11587,0.4849537521449797,0.6531567080045095,0.6531567080045095,0.6531567080045095,False,False,2458.6722039473684,88.69600018037518,2458.518,0.07187094045497115,0.07443522500151414,0.07697993338074328,0.13410372040586246,0.13855693348365275,0.1429551860202931,0.13410372040586246,0.13855693348365275,0.1429551860202931,0.13618940248027062,0.8131475078514974
qwen4b,draw1,draw3,joint_upper_primary,global_fraction_0.005,3548160,17740,17740,11862,0.50224405114743,0.6686583990980834,0.6686583990980834,0.6686583990980834,False,False,2624.145060649671,88.69600018037518,2625.412,0.07737155350419045,0.07989651499010805,0.08250021550251556,0.143630214205186,0.1479706877113867,0.15242531003382187,0.143630214205186,0.1479706877113867,0.15242531003382187,0.12581736189402482,0.8757662871992679
qwen4b,draw1,draw4,joint_upper_primary,global_fraction_0.005,3548160,17740,17740,11208,0.46176664469347395,0.631792559188275,0.631792559188275,0.631792559188275,False,False,2792.9565738075657,88.69600018037518,2795.68,0.08296114177330924,0.08554644474360544,0.08824341318283593,0.15321166854565954,0.15760992108229988,0.16217587373167983,0.15321166854565954,0.15760992108229988,0.16217587373167983,0.18974069898534376,0.7997815892381834
qwen4b,draw2,draw3,joint_upper_primary,global_fraction_0.005,3548160,17740,17740,11887,0.5038358835247743,0.6700676437429538,0.6700676437429538,0.6700676437429538,False,False,2590.7074424342104,88.69600018037518,2589.542,0.07619428221119294,0.07868174632129393,0.08121285997257352,0.14159949267192784,0.1458850056369786,0.15022547914317927,0.14159949267192784,0.1458850056369786,0.15022547914317927,0.10811724915445323,0.8910650495891771
qwen4b,draw2,draw4,joint_upper_primary,global_fraction_0.005,3548160,17740,17740,10954,0.4466280681725516,0.6174746335963923,0.6174746335963923,0.6174746335963923,False,False,2745.5282123766447,88.69600018037518,2746.005,0.08131171522613678,0.08388831184700922,0.08654376186684633,0.1503945885005637,0.1547914317925592,0.1593010146561443,0.1503945885005637,0.1547914317925592,0.1593010146561443,0.25535512965050733,0.6312073273545618
qwen4b,draw3,draw4,joint_upper_primary,global_fraction_0.005,3548160,17740,17740,11503,0.47975142845226676,0.6484216459977452,0.6484216459977452,0.6484216459977452,False,False,2931.4762284128287,88.69600018037518,2930.549,0.0873087805489464,0.09001536098310292,0.09290374948910636,0.16059611048478015,0.16516347237880497,0.17001268320180382,0.16059611048478015,0.16516347237880497,0.17001268320180382,0.17846674182638103,0.7073656813654842
qwen4b,seed0,draw1,joint_upper_primary,global_fraction_0.01,3548160,35481,35481,31087,0.7796112852664577,0.8761590710521124,0.8761590710521124,0.8761590710521124,False,False,9253.530052425987,354.80400010146104,9255.041,0.14756537348189594,0.1499643482206521,0.15241127061626825,0.25717989910092726,0.26081564781150474,0.2645084693216087,0.25717989910092726,0.26081564781150474,0.2645084693216087,0.038668583185366825,0.9095197679619577
qwen4b,seed0,draw2,joint_upper_primary,global_fraction_0.01,3548160,35481,35481,31166,0.7831440345763393,0.8783856148361094,0.8783856148361094,0.8783856148361094,False,False,9242.523062294407,354.80400010146104,9240.669,0.14758300379486394,0.14970350928356177,0.1520179226598266,0.2572066739945323,0.26042107043206225,0.26391589864998166,0.2572066739945323,0.26042107043206225,0.26391589864998166,0.04695470815365972,0.8994122084484201
qwen4b,seed0,draw3,joint_upper_primary,global_fraction_0.01,3548160,35481,35481,31404,0.7938722887911421,0.8850934302866322,0.8850934302866322,0.8850934302866322,False,False,9329.569382195723,354.80400010146104,9330.644,0.14923662382522282,0.1513637174890075,0.15379784474584007,0.25971435416138217,0.2629294552013754,0.26659409261294775,0.25971435416138217,0.2629294552013754,0.26659409261294775,0.04982948620388384,0.9150414811484119
qwen4b,seed0,draw4,joint_upper_primary,global_fraction_0.01,3548160,35481,35481,30472,0.7525808841689307,0.8588258504551732,0.8588258504551732,0.8588258504551732,False,False,9454.633043791118,354.80400010146104,9454.002,0.15140108062501015,0.15371296191016248,0.15620366598778004,0.2629858233984386,0.2664665595670922,0.27020095262253035,0.2629858233984386,0.2664665595670922,0.27020095262253035,0.09182379301598038,0.7442441780069332
qwen4b,draw1,draw2,joint_upper_primary,global_fraction_0.01,3548160,35481,35481,31148,0.7823378711006179,0.8778783010625405,0.8778783010625405,0.8778783010625405,False,False,9278.150303248354,354.80400010146104,9277.596,0.14808476594563255,0.15039312636783658,0.15276696480767057,0.257968349257349,0.26146388207773175,0.26504396719370926,0.257968349257349,0.26146388207773175,0.26504396719370926,0.05721372001916523,0.8169929017957337
qwen4b,draw1,draw3,joint_upper_primary,global_fraction_0.01,3548160,35481,35481,31335,0.7907487319252026,0.8831487274879513,0.8831487274879513,0.8831487274879513,False,False,9366.576613898027,354.80400010146104,9367.738,0.1498888791057285,0.15203662516031624,0.15443697777568477,0.26070150221245175,0.2639440827485133,0.26755376116794904,0.26070150221245175,0.2639440827485133,0.26755376116794904,0.06014486626645255,0.8727030755941658
qwen4b,draw1,draw4,joint_upper_primary,global_fraction_0.01,3548160,35481,35481,30653,0.7604505197350467,0.8639271722893943,0.8639271722893943,0.8639271722893943,False,False,9497.813178453947,354.80400010146104,9500.121,0.15220497499512892,0.15456704955907716,0.1568846023259154,0.26419773963529775,0.26774893605028044,0.2712191031819847,0.26419773963529775,0.26774893605028044,0.2712191031819847,0.08691975987148051,0.788238091415353
qwen4b,draw2,draw3,joint_upper_primary,global_fraction_0.01,3548160,35481,35481,31415,0.7943712544567224,0.8854034553704799,0.8854034553704799,0.8854034553704799,False,False,9359.622759046053,354.80400010146104,9360.417,0.14970257795740882,0.1519244192652955,0.15437969904916418,0.26041966122713567,0.26377497815732365,0.2674677996674276,0.26041966122713567,0.26377497815732365,0.2674677996674276,0.03962684253544149,0.8944875291851528
qwen4b,draw2,draw4,joint_upper_primary,global_fraction_0.01,3548160,35481,35481,30543,0.7556594670823128,0.8608269214509174,0.8608269214509174,0.8608269214509174,False,False,9492.842932771382,354.80400010146104,9493.786,0.15209180110454892,0.1544167886774036,0.15673185190401992,0.26402722583918153,0.2675234632620276,0.27099081198387864,0.26402722583918153,0.2675234632620276,0.27099081198387864,0.09092190186296893,0.6366238944980097
qwen4b,draw3,draw4,joint_upper_primary,global_fraction_0.01,3548160,35481,35481,30893,0.7709950335670968,0.8706913559369803,0.8706913559369803,0.8706913559369803,False,False,9590.711924342106,354.80400010146104,9594.86,0.1540033036878755,0.15633554947203754,0.15871508063646197,0.2669027084918689,0.27039824131225165,0.27395014232969755,0.2669027084918689,0.27039824131225165,0.27395014232969755,0.08246667230348642,0.7155676342302392
qwen4b,seed0,draw1,joint_upper_primary,global_fraction_0.02,3548160,70963,70963,56045,0.6525890476356819,0.789777771514733,0.789777771514733,0.789777771514733,False,False,18169.986060855263,1419.2560000112735,18170.973,0.14529394830477937,0.14684896527760943,0.14836175021660525,0.2537234192466497,0.25609120245761874,0.25838852641517407,0.2537234192466497,0.25609120245761874,0.25838852641517407,0.058002057410199655,0.9614231420242441
qwen4b,seed0,draw2,joint_upper_primary,global_fraction_0.02,3548160,70963,70963,55815,0.6481750299032644,0.7865366458577004,0.7865366458577004,0.7865366458577004,False,False,18112.80509868421,1419.2560000112735,18109.803,0.14475838650093967,0.14626542611617238,0.1478416503264767,0.2529064442033172,0.2552034158646055,0.25759938277694006,0.2529064442033172,0.2552034158646055,0.25759938277694006,0.048025027126812544,0.9675660379443396
qwen4b,seed0,draw3,joint_upper_primary,global_fraction_0.02,3548160,70963,70963,56134,0.6543034315553897,0.7910319462254978,0.7910319462254978,0.7910319462254978,False,False,18143.738486842107,1419.2560000112735,18140.606,0.14505393434290462,0.1465617527305629,0.14795306063908667,0.25335738342516523,0.2556543550864535,0.25776848498513305,0.25335738342516523,0.2556543550864535,0.25776848498513305,0.04560122880937952,0.9693894027373355
qwen4b,seed0,draw4,joint_upper_primary,global_fraction_0.02,3548160,70963,70963,53964,0.6134921898092358,0.76045263024393,0.76045263024393,0.76045263024393,False,False,17652.085834703947,1419.2560000112735,17653.751,0.1404437434005071,0.1420593536758079,0.14357794958925235,0.24629666164057326,0.24877753195327143,0.25110303961219227,0.24629666164057326,0.24877753195327143,0.25110303961219227,0.19322745656187032,0.8427609687327507
qwen4b,draw1,draw2,joint_upper_primary,global_fraction_0.02,3548160,70963,70963,55786,0.6476201532389134,0.7861279821879007,0.7861279821879007,0.7861279821879007,False,False,18125.999326685855,1419.2560000112735,18130.442,0.14492438248413267,0.14644135156748547,0.1479623458080365,0.2531597452193397,0.2554711610275778,0.25778257683581585,0.2531597452193397,0.2554711610275778,0.25778257683581585,0.07730789284556738,0.9352470727315302
qwen4b,draw1,draw3,joint_upper_primary,global_fraction_0.02,3548160,70963,70963,56151,0.6546313028271641,0.7912715076871045,0.7912715076871045,0.7912715076871045,False,False,18167.599568256577,1419.2560000112735,18167.459,0.14520176549854355,0.14682579766003706,0.1481942916316096,0.25358285303608924,0.25605597283091186,0.25813452080661753,0.25358285303608924,0.25605597283091186,0.25813452080661753,0.0614968363795217,0.949222703155124
qwen4b,draw1,draw4,joint_upper_primary,global_fraction_0.02,3548160,70963,70963,54100,0.6159907089016919,0.762369121936784,0.762369121936784,0.762369121936784,False,False,17696.17052837171,1419.2560000112735,17698.488,0.14108558544610147,0.14246385677947002,0.14395748074316186,0.24728309118836575,0.24939757338331242,0.2516832715640545,0.24728309118836575,0.24939757338331242,0.2516832715640545,0.17891013626819613,0.8922699697293796
qwen4b,draw2,draw3,joint_upper_primary,global_fraction_0.02,3548160,70963,70963,55908,0.6499569857471692,0.7878471879711962,0.7878471879711962,0.7878471879711962,False,False,18105.728186677632,1419.2560000112735,18106.113,0.1446658282878265,0.1462191389182772,0.14786021721014947,0.2527651734002227,0.25513295661119173,0.2576275664783056,0.2527651734002227,0.25513295661119173,0.2576275664783056,0.048419598945929565,0.9647160178636599
qwen4b,draw2,draw4,joint_upper_primary,global_fraction_0.02,3548160,70963,70963,53505,0.6051164316169236,0.7539844707805476,0.7539844707805476,0.7539844707805476,False,False,17580.186646792765,1419.2560000112735,17578.318,0.13980285183790153,0.14138428815111753,0.14287807970637142,0.24531058438904782,0.2477417809280893,0.2500320589603032,0.24531058438904782,0.2477417809280893,0.2500320589603032,0.22059383058777107,0.8013017244193554
qwen4b,draw3,draw4,joint_upper_primary,global_fraction_0.02,3548160,70963,70963,53988,0.6139325433828379,0.7607908346603159,0.7607908346603159,0.7607908346603159,False,False,17653.599265008223,1419.2560000112735,17654.327,0.14053562004237374,0.14203637916304154,0.14360536324373108,0.24643793244366782,0.24874230232656455,0.25114496286797344,0.24643793244366782,0.24874230232656455,0.25114496286797344,0.19613037780251683,0.8464779133268633
qwen4b,seed0,draw1,joint_upper_primary,global_fraction_0.05,3548160,177408,177408,109947,0.44900334464550434,0.6197409361471862,0.6197409361471862,0.6197409361471862,False,False,42818.59209498355,8870.4,42819.217,0.13633836119595086,0.1372271242720376,0.1382595807749312,0.2399608529491342,0.2413363546176046,0.24293154761904762,0.2399608529491342,0.2413363546176046,0.24293154761904762,0.07513753607503608,0.9899342026280563
qwen4b,seed0,draw2,joint_upper_primary,global_fraction_0.05,3548160,177408,177408,109748,0.44782672564349485,0.618619227994228,0.618619227994228,0.618619227994228,False,False,42381.391519325654,8870.4,42382.27,0.13469942574450203,0.13565104950165474,0.1365606720023722,0.2374186902507215,0.23889565295815296,0.24030511589105338,0.2374186902507215,0.23889565295815296,0.24030511589105338,0.06330041486291485,0.9924178385249582
qwen4b,seed0,draw3,joint_upper_primary,global_fraction_0.05,3548160,177408,177408,109159,0.4443553409835665,0.6152991973304474,0.6152991973304474,0.6152991973304474,False,False,42335.92571443257,8870.4,42333.293,0.1344597966386932,0.13546933603000474,0.13643690249184867,0.23704638460497834,0.23861381673881674,0.24011346726190477,0.23704638460497834,0.23861381673881674,0.24011346726190477,0.063379329004329,0.9907821686740608
qwen4b,seed0,draw4,joint_upper_primary,global_fraction_0.05,3548160,177408,177408,102922,0.4085925031957887,0.5801429473304474,0.5801429473304474,0.5801429473304474,False,False,40070.82216796875,8870.4,40066.332,0.12633563796354494,0.1272946783161239,0.12827714872223392,0.22433035714285715,0.22584099927849927,0.22738588451479078,0.22433035714285715,0.22584099927849927,0.22738588451479078,0.3342577561327561,0.9225191347765689
qwen4b,draw1,draw2,joint_upper_primary,global_fraction_0.05,3548160,177408,177408,108700,0.44166165547952996,0.6127119408369408,0.6127119408369408,0.6127119408369408,False,False,42010.583233963815,8870.4,42006.945,0.13333284889093108,0.1342950536700896,0.13517145178938209,0.23529336332070705,0.23679033639971142,0.23815160533910534,0.23529336332070705,0.23679033639971142,0.23815160533910534,0.10105519480519479,0.9877180273707061
qwen4b,draw1,draw3,joint_upper_primary,global_fraction_0.05,3548160,177408,177408,108333,0.43951509840435243,0.610643262987013,0.610643262987013,0.610643262987013,False,False,42062.37487150494,8870.4,42061.049,0.13354665178369649,0.13446913683167683,0.13548050973286502,0.23562621189574312,0.23706089917027418,0.23863114966630591,0.23562621189574312,0.23706089917027418,0.23863114966630591,0.08122519841269842,0.9897184096991252
qwen4b,draw1,draw4,joint_upper_primary,global_fraction_0.05,3548160,177408,177408,103221,0.4102664997317117,0.581828327922078,0.581828327922078,0.581828327922078,False,False,40062.244248560855,8870.4,40058.066,0.12637461187825452,0.12725528257948093,0.12818432201531496,0.22439179743867244,0.2257789953102453,0.22724003427128425,0.22439179743867244,0.2257789953102453,0.22724003427128425,0.30351506132756134,0.9416727256077277
qwen4b,draw2,draw3,joint_upper_primary,global_fraction_0.05,3548160,177408,177408,108309,0.4393749467560759,0.6105079816017316,0.6105079816017316,0.6105079816017316,False,False,41588.386883223684,8870.4,41595.926,0.13183577607062286,0.13279760935569454,0.13373879922277307,0.2329591957521645,0.23445955086580086,0.2359252401244589,0.2329591957521645,0.23445955086580086,0.2359252401244589,0.059907106782106784,0.992400769921631
qwen4b,draw2,draw4,joint_upper_primary,global_fraction_0.05,3548160,177408,177408,101726,0.40193607017266586,0.573401424963925,0.573401424963925,0.573401424963925,False,False,39215.15693359375,8870.4,39218.636,0.12330458266577214,0.12427280448282735,0.1251500119164372,0.21953900049603173,0.22107233044733043,0.22245924648268398,0.21953900049603173,0.22107233044733043,0.22245924648268398,0.3467374639249639,0.9157942990316681
qwen4b,draw3,draw4,joint_upper_primary,global_fraction_0.05,3548160,177408,177408,102447,0.4059413002389358,0.5774655032467533,0.5774655032467533,0.5774655032467533,False,False,39732.759292763156,8870.4,39730.227,0.125149833518313,0.12609791976721638,0.12703444888379636,0.22245896464646464,0.22395551497113997,0.22543135033369407,0.22245896464646464,0.22395551497113997,0.22543135033369407,0.30348124098124096,0.9375271963142482
mistral7b,seed0,draw1,joint_upper_primary,fixed_module_min_quota,6815744,2946,2946,1893,0.47336834208552137,0.6425661914460286,0.6425661914460286,0.6425661914460286,False,False,21.5911865234375,1.2733629666841948,21.339,0.002206999316140813,0.0035769034236075624,0.00511770726714432,0.004404276985743381,0.007128309572301426,0.010183299389002037,0.004404276985743381,0.007128309572301426,0.010183299389002037,0.0,1.0
mistral7b,seed0,draw2,joint_upper_primary,fixed_module_min_quota,6815744,2946,2946,1965,0.5003819709702063,0.6670061099796334,0.6670061099796334,0.6670061099796334,False,False,21.5911865234375,1.2733629666841948,21.521,0.0023817625042531474,0.0035769034236075624,0.005289199795256782,0.0047522063815342835,0.007128309572301426,0.010522742701968771,0.0047522063815342835,0.007128309572301426,0.010522742701968771,0.0,1.0
mistral7b,seed0,draw3,joint_upper_primary,fixed_module_min_quota,6815744,2946,2946,1899,0.4755822689706987,0.6446028513238289,0.6446028513238289,0.6446028513238289,False,False,21.5911865234375,1.2733629666841948,21.498,0.00221126041843851,0.0035769034236075624,0.005289199795256782,0.004412763068567549,0.007128309572301426,0.010522742701968771,0.004412763068567549,0.007128309572301426,0.010522742701968771,0.0,1.0
mistral7b,seed0,draw4,joint_upper_primary,fixed_module_min_quota,6815744,2946,2946,1820,0.44695481335952847,0.6177868295994569,0.6177868295994569,0.6177868295994569,False,False,21.5911865234375,1.2733629666841948,21.391,0.0020408163265306124,0.0035769034236075624,0.005289199795256782,0.004073319755600814,0.007128309572301426,0.010522742701968771,0.004073319755600814,0.007128309572301426,0.010522742701968771,0.0,1.0
mistral7b,draw1,draw2,joint_upper_primary,fixed_module_min_quota,6815744,2946,2946,1954,0.49619095987811074,0.6632722335369993,0.6632722335369993,0.6632722335369993,False,False,21.5911865234375,1.2733629666841948,21.52,0.00221126041843851,0.0035769034236075624,0.005289199795256782,0.004412763068567549,0.007128309572301426,0.010522742701968771,0.004412763068567549,0.007128309572301426,0.010522742701968771,0.0,1.0
mistral7b,draw1,draw3,joint_upper_primary,fixed_module_min_quota,6815744,2946,2946,1863,0.462397617274758,0.6323828920570265,0.6323828920570265,0.6323828920570265,False,False,21.5911865234375,1.2733629666841948,21.716,0.00221126041843851,0.0035769034236075624,0.005293488571706416,0.004412763068567549,0.007128309572301426,0.010531228784792932,0.004412763068567549,0.007128309572301426,0.010531228784792932,0.0,1.0
mistral7b,draw1,draw4,joint_upper_primary,fixed_module_min_quota,6815744,2946,2946,1780,0.43287937743190663,0.6042090970807875,0.6042090970807875,0.6042090970807875,False,False,21.5911865234375,1.2733629666841948,21.507,0.00221126041843851,0.0035769034236075624,0.005289199795256782,0.004412763068567549,0.007128309572301426,0.010522742701968771,0.004412763068567549,0.007128309572301426,0.010522742701968771,0.0,1.0
mistral7b,draw2,draw3,joint_upper_primary,fixed_module_min_quota,6815744,2946,2946,1894,0.4737368684342171,0.6429056347589952,0.6429056347589952,0.6429056347589952,False,False,21.5911865234375,1.2733629666841948,21.718,0.00221126041843851,0.003747870528109029,0.005289199795256782,0.004412763068567549,0.00746775288526816,0.010522742701968771,0.004412763068567549,0.00746775288526816,0.010522742701968771,0.0,1.0
mistral7b,draw2,draw4,joint_upper_primary,fixed_module_min_quota,6815744,2946,2946,1833,0.4515890613451589,0.6221995926680245,0.6221995926680245,0.6221995926680245,False,False,21.5911865234375,1.2733629666841948,21.313,0.0023817625042531474,0.0035769034236075624,0.005289199795256782,0.0047522063815342835,0.007128309572301426,0.010522742701968771,0.0047522063815342835,0.007128309572301426,0.010522742701968771,0.0,1.0
mistral7b,draw3,draw4,joint_upper_primary,fixed_module_min_quota,6815744,2946,2946,1842,0.45481481481481484,0.6252545824847251,0.6252545824847251,0.6252545824847251,False,False,21.5911865234375,1.2733629666841948,21.831,0.00221126041843851,0.003747870528109029,0.005289199795256782,0.004412763068567549,0.00746775288526816,0.010522742701968771,0.004412763068567549,0.00746775288526816,0.010522742701968771,0.0,1.0
mistral7b,seed0,draw1,joint_z_diagnostic,fixed_module_min_quota,6815744,2946,2946,1827,0.44944649446494467,0.620162932790224,0.620162932790224,0.620162932790224,False,False,21.5911865234375,1.2733629666841948,21.656,0.00221126041843851,0.0035769034236075624,0.005460750853242321,0.004412763068567549,0.007128309572301426,0.010862186014935505,0.004412763068567549,0.007128309572301426,0.010862186014935505,0.0,1.0
mistral7b,seed0,draw2,joint_z_diagnostic,fixed_module_min_quota,6815744,2946,2946,1906,0.4781736076266934,0.6469789545145961,0.6469789545145961,0.6469789545145961,False,False,21.5911865234375,1.2733629666841948,21.468,0.00221126041843851,0.0035769034236075624,0.005289199795256782,0.004412763068567549,0.007128309572301426,0.010522742701968771,0.004412763068567549,0.007128309572301426,0.010522742701968771,0.0,1.0
mistral7b,seed0,draw3,joint_z_diagnostic,fixed_module_min_quota,6815744,2946,2946,1857,0.46022304832713756,0.630346232179226,0.630346232179226,0.630346232179226,False,False,21.5911865234375,1.2733629666841948,21.387,0.00221126041843851,0.0035769034236075624,0.0051219945803471275,0.004412763068567549,0.007128309572301426,0.010191785471826198,0.004412763068567549,0.007128309572301426,0.010191785471826198,0.0,1.0
mistral7b,seed0,draw4,joint_z_diagnostic,fixed_module_min_quota,6815744,2946,2946,1778,0.43218279047156055,0.603530210454854,0.603530210454854,0.603530210454854,False,False,21.5911865234375,1.2733629666841948,21.574,0.0023817625042531474,0.0035769034236075624,0.005289199795256782,0.0047522063815342835,0.007128309572301426,0.010522742701968771,0.0047522063815342835,0.007128309572301426,0.010522742701968771,0.0,1.0
mistral7b,draw1,draw2,joint_z_diagnostic,fixed_module_min_quota,6815744,2946,2946,1892,0.473,0.6422267481330618,0.6422267481330618,0.6422267481330618,False,False,21.5911865234375,1.2733629666841948,21.393,0.0020408163265306124,0.0035769034236075624,0.005289199795256782,0.004073319755600814,0.007128309572301426,0.010522742701968771,0.004073319755600814,0.007128309572301426,0.010522742701968771,0.0,1.0
mistral7b,draw1,draw3,joint_z_diagnostic,fixed_module_min_quota,6815744,2946,2946,1833,0.4515890613451589,0.6221995926680245,0.6221995926680245,0.6221995926680245,False,False,21.5911865234375,1.2733629666841948,21.603,0.00221126041843851,0.003747870528109029,0.005289199795256782,0.004412763068567549,0.00746775288526816,0.010522742701968771,0.004412763068567549,0.00746775288526816,0.010522742701968771,0.0,1.0
mistral7b,draw1,draw4,joint_z_diagnostic,fixed_module_min_quota,6815744,2946,2946,1739,0.41873344570190224,0.5902919212491514,0.5902919212491514,0.5902919212491514,False,False,21.5911865234375,1.2733629666841948,21.495,0.0020408163265306124,0.0035769034236075624,0.005460750853242321,0.004073319755600814,0.007128309572301426,0.010862186014935505,0.004073319755600814,0.007128309572301426,0.010862186014935505,0.0,1.0
mistral7b,draw2,draw3,joint_z_diagnostic,fixed_module_min_quota,6815744,2946,2946,1857,0.46022304832713756,0.630346232179226,0.630346232179226,0.630346232179226,False,False,21.5911865234375,1.2733629666841948,21.704,0.00221126041843851,0.0035769034236075624,0.005289199795256782,0.004412763068567549,0.007128309572301426,0.010522742701968771,0.004412763068567549,0.007128309572301426,0.010522742701968771,0.0,1.0
mistral7b,draw2,draw4,joint_z_diagnostic,fixed_module_min_quota,6815744,2946,2946,1801,0.4402346614519677,0.6113374066530889,0.6113374066530889,0.6113374066530889,False,False,21.5911865234375,1.2733629666841948,21.661,0.00221126041843851,0.003747870528109029,0.005289199795256782,0.004412763068567549,0.00746775288526816,0.010522742701968771,0.004412763068567549,0.00746775288526816,0.010522742701968771,0.0,1.0
mistral7b,draw3,draw4,joint_z_diagnostic,fixed_module_min_quota,6815744,2946,2946,1821,0.447310243183493,0.6181262729124236,0.6181262729124236,0.6181262729124236,False,False,21.5911865234375,1.2733629666841948,21.374,0.00221126041843851,0.0035769034236075624,0.005460750853242321,0.004412763068567549,0.007128309572301426,0.010862186014935505,0.004412763068567549,0.007128309572301426,0.010862186014935505,0.0,1.0
mistral7b,seed0,draw1,joint_upper_primary,global_fraction_0.001,6815744,6815,6815,4067,0.42528495242078845,0.5967718268525312,0.5967718268525312,0.5967718268525312,False,False,273.1548549107143,6.814256081214318,272.376,0.018227999402360674,0.020362329690073365,0.02265906362545018,0.03580337490829054,0.03991195891415994,0.04431401320616288,0.03580337490829054,0.03991195891415994,0.04431401320616288,0.1760821716801174,0.6859115279750414
mistral7b,seed0,draw2,joint_upper_primary,global_fraction_0.001,6815744,6815,6815,4075,0.42647828362114076,0.5979457079970653,0.5979457079970653,0.5979457079970653,False,False,212.05613490513392,6.814256081214318,211.686,0.01390870000154708,0.015799672082277536,0.017695811244680056,0.02743580337490829,0.031107850330154074,0.034776228906823185,0.02743580337490829,0.031107850330154074,0.034776228906823185,0.2039618488628026,0.7064166915584323
mistral7b,seed0,draw3,joint_upper_primary,global_fraction_0.001,6815744,6815,6815,4294,0.45994001713796057,0.6300807043286867,0.6300807043286867,0.6300807043286867,False,False,324.9727260044643,6.814256081214318,325.435,0.02196704301503771,0.024503908598917618,0.026974080771549128,0.042989728539985325,0.047835656639765224,0.052531181217901686,0.042989728539985325,0.047835656639765224,0.052531181217901686,0.2650036683785767,0.7120749547437812
mistral7b,seed0,draw4,joint_upper_primary,global_fraction_0.001,6815744,6815,6815,3918,0.4034184514003295,0.5749082905355832,0.5749082905355832,0.5749082905355832,False,False,290.8585728236607,6.814256081214318,290.492,0.019444615986763347,0.021815728315465927,0.02419789651513949,0.0381474688187821,0.04269992663242847,0.04725238444607483,0.0381474688187821,0.04269992663242847,0.04725238444607483,0.2506236243580337,0.6968355810483228
mistral7b,draw1,draw2,joint_upper_primary,global_fraction_0.001,6815744,6815,6815,4116,0.4326256043725037,0.6039618488628027,0.6039618488628027,0.6039618488628027,False,False,229.97887311662947,6.814256081214318,230.368,0.015194398927454193,0.017164179104477612,0.019370278961932542,0.029933969185619955,0.03374908290535583,0.038004402054292,0.029933969185619955,0.03374908290535583,0.038004402054292,0.25209097578870143,0.7199970081967125
mistral7b,draw1,draw3,joint_upper_primary,global_fraction_0.001,6815744,6815,6815,4262,0.4549530315969257,0.6253851797505503,0.6253851797505503,0.6253851797505503,False,False,356.3155430385045,6.814256081214318,357.51,0.024501983563388497,0.026896707601898592,0.029533952715461893,0.047831988261188556,0.052384446074834924,0.05737344093910492,0.047831988261188556,0.052384446074834924,0.05737344093910492,0.186940572267058,0.701013046516725
mistral7b,draw1,draw4,joint_upper_primary,global_fraction_0.001,6815744,6815,6815,4063,0.4246890352252535,0.5961848862802641,0.5961848862802641,0.5961848862802641,False,False,319.1197596958705,6.814256081214318,319.352,0.02150940568088136,0.023965141612200435,0.026357353977246437,0.04211298606016141,0.04680851063829787,0.05136096845194424,0.04211298606016141,0.04680851063829787,0.05136096845194424,0.16669112252384444,0.6696949012721789
mistral7b,draw2,draw3,joint_upper_primary,global_fraction_0.001,6815744,6815,6815,4015,0.4175767030681227,0.5891415994130594,0.5891415994130594,0.5891415994130594,False,False,267.93160574776783,6.814256081214318,267.914,0.017997949951781785,0.02005687771291723,0.022200806726332848,0.03535950110051357,0.039325018341892885,0.043437270726338954,0.03535950110051357,0.039325018341892885,0.043437270726338954,0.3820983125458547,0.6896666390451484
mistral7b,draw2,draw4,joint_upper_primary,global_fraction_0.001,6815744,6815,6815,3891,0.3995276722456104,0.5709464416727806,0.5709464416727806,0.5709464416727806,False,False,242.10888671875,6.814256081214318,241.74,0.015951103160405485,0.018075888855691665,0.02005687771291723,0.0314013206162876,0.03550990462215701,0.039325018341892885,0.0314013206162876,0.03550990462215701,0.039325018341892885,0.36419662509170947,0.6693516928713348
mistral7b,draw3,draw4,joint_upper_primary,global_fraction_0.001,6815744,6815,6815,4171,0.4409557035627445,0.6120322817314747,0.6120322817314747,0.6120322817314747,False,False,382.64666748046875,6.814256081214318,382.744,0.02635542168674699,0.028912206537329208,0.031483713409693206,0.05135730007336757,0.0561995597945708,0.06104548789435069,0.05135730007336757,0.0561995597945708,0.06104548789435069,0.17432134996331622,0.6774363966169128
mistral7b,seed0,draw1,joint_upper_primary,global_fraction_0.005,6815744,34078,34078,20588,0.432811974436596,0.604143435647632,0.604143435647632,0.604143435647632,False,False,11093.472673688617,170.3864000760592,11093.878,0.19295666176573548,0.19439917284404956,0.19592963500179664,0.3234931627442925,0.325517929455954,0.327660807559129,0.3234931627442925,0.325517929455954,0.327660807559129,0.0918481131521803,0.9640384469922655
mistral7b,seed0,draw2,joint_upper_primary,global_fraction_0.005,6815744,34078,34078,20896,0.4421498095641134,0.6131815247373672,0.6131815247373672,0.6131815247373672,False,False,10979.81480189732,170.3864000760592,10980.919,0.19062259800153727,0.19208031622765592,0.19343711148855697,0.32020658489347964,0.3222606960502377,0.324168084981513,0.32020658489347964,0.3222606960502377,0.324168084981513,0.0939609131991314,0.9526607979121294
mistral7b,seed0,draw3,joint_upper_primary,global_fraction_0.005,6815744,34078,34078,20993,0.44511587473231135,0.6160279359117319,0.6160279359117319,0.6160279359117319,False,False,11662.727591378349,170.3864000760592,11662.747,0.20495730424482436,0.2064717128088933,0.20786201990310085,0.3401901520042256,0.34227360760608017,0.34418173014848286,0.3401901520042256,0.34227360760608017,0.34418173014848286,0.17864898174775512,0.9497524716240325
mistral7b,seed0,draw4,joint_upper_primary,global_fraction_0.005,6815744,34078,34078,19747,0.40792001487326734,0.5794647573214391,0.5794647573214391,0.5794647573214391,False,False,10391.86381312779,170.3864000760592,10392.818,0.17845595227803232,0.17993507907564316,0.1813575142542813,0.30286401784142264,0.30499149011092197,0.30703239626738654,0.30286401784142264,0.30499149011092197,0.30703239626738654,0.11679089148424207,0.9604248841847133
mistral7b,draw1,draw2,joint_upper_primary,global_fraction_0.005,6815744,34078,34078,21181,0.4508994145822246,0.621544691589882,0.621544691589882,0.621544691589882,False,False,11141.302010672433,170.3864000760592,11141.931,0.19385520853404334,0.19544665251784682,0.1969587805707998,0.3247549738834439,0.32698515171078113,0.32909868536885967,0.3247549738834439,0.32698515171078113,0.32909868536885967,0.07259815716884793,0.9636727143799874
mistral7b,draw1,draw3,joint_upper_primary,global_fraction_0.005,6815744,34078,34078,21117,0.44892535980781906,0.6196666471037032,0.6196666471037032,0.6196666471037032,False,False,11838.167306082589,170.3864000760592,11838.752,0.2087606594219393,0.21022071488182964,0.21166222222222222,0.3454127296202829,0.3474088854979752,0.3493749633194436,0.3454127296202829,0.3474088854979752,0.3493749633194436,0.12723751393861138,0.9523612183142504
mistral7b,draw1,draw4,joint_upper_primary,global_fraction_0.005,6815744,34078,34078,19839,0.41060082372663864,0.582164446270321,0.582164446270321,0.582164446270321,False,False,10535.31485421317,170.3864000760592,10536.095,0.18137645541994973,0.1828531759805623,0.1843130134029603,0.3070595398791009,0.30917307353717943,0.31125726275016136,0.3070595398791009,0.30917307353717943,0.31125726275016136,0.11866893597042083,0.9662198306399641
mistral7b,draw2,draw3,joint_upper_primary,global_fraction_0.005,6815744,34078,34078,21324,0.4553296891014691,0.6257409472386877,0.6257409472386877,0.6257409472386877,False,False,11715.498761858258,170.3864000760592,11715.947,0.20608741815607856,0.20758327427356485,0.20908338172090427,0.3417454075943424,0.34379951875110043,0.34585436351898585,0.3417454075943424,0.34379951875110043,0.34585436351898585,0.13962086976935262,0.958026185964306
mistral7b,draw2,draw4,joint_upper_primary,global_fraction_0.005,6815744,34078,34078,20154,0.41985750593725263,0.5914079464757321,0.5914079464757321,0.5914079464757321,False,False,10428.20276750837,170.3864000760592,10428.524,0.17918944135298615,0.18067092245525385,0.18205361785393714,0.30391968425377075,0.3060478901343976,0.30802937378954165,0.30391968425377075,0.3060478901343976,0.30802937378954165,0.13815364751452552,0.9611310124989447
mistral7b,draw3,draw4,joint_upper_primary,global_fraction_0.005,6815744,34078,34078,20165,0.42018295096997355,0.5917307353717941,0.5917307353717941,0.5917307353717941,False,False,11059.653468540737,170.3864000760592,11057.763,0.19218405422356424,0.19364612339970927,0.19511125918392397,0.322406684664593,0.3244615294324784,0.32651564058923643,0.322406684664593,0.3244615294324784,0.32651564058923643,0.18627853747285641,0.9577322133718469
mistral7b,seed0,draw1,joint_upper_primary,global_fraction_0.01,6815744,68157,68157,33119,0.32093609186491595,0.4859222090174157,0.4859222090174157,0.4859222090174157,False,False,16820.804164341516,681.5656000284048,16817.103,0.13970127927511627,0.1407172475168012,0.14178260614639784,0.2451542027964846,0.24671713837170062,0.24835306718312133,0.2451542027964846,0.24671713837170062,0.24835306718312133,0.09322593424006338,0.980198403380162
mistral7b,seed0,draw2,joint_upper_primary,global_fraction_0.01,6815744,68157,68157,33789,0.3295683979517191,0.49575245389321715,0.49575245389321715,0.49575245389321715,False,False,16797.681213378906,681.5656000284048,16801.153,0.13958718242390294,0.140588392797376,0.1415533622452461,0.24497850550933872,0.24651906627345688,0.24800130580864768,0.24497850550933872,0.24651906627345688,0.24800130580864768,0.10141291430080548,0.9722611761576119
mistral7b,seed0,draw3,joint_upper_primary,global_fraction_0.01,6815744,68157,68157,32743,0.3161406185129042,0.480405534281145,0.480405534281145,0.480405534281145,False,False,17251.211887904577,681.5656000284048,17249.468,0.14384251334206022,0.14485602585449153,0.14600644531090298,0.25150754874774417,0.25305544551550097,0.2548091171853221,0.25150754874774417,0.25305544551550097,0.2548091171853221,0.19857094649118945,0.9710107204629113
mistral7b,seed0,draw4,joint_upper_primary,global_fraction_0.01,6815744,68157,68157,32729,0.31596273591736257,0.4802001261792626,0.4802001261792626,0.4802001261792626,False,False,16222.215157645089,681.5656000284048,16221.504,0.13397499355289538,0.13507032050161125,0.1361111857764054,0.2362926772011679,0.2379946300453365,0.23960891764602313,0.2362926772011679,0.2379946300453365,0.23960891764602313,0.08955793242073447,0.9823715442557691
mistral7b,draw1,draw2,joint_upper_primary,global_fraction_0.01,6815744,68157,68157,33592,0.3270185549346781,0.49286206845958597,0.49286206845958597,0.49286206845958597,False,False,16950.799569266183,681.5656000284048,16952.1,0.14104643636636896,0.14202174896533235,0.14312333709290037,0.2472229558225861,0.24871986736505422,0.25040751500212743,0.2472229558225861,0.24871986736505422,0.25040751500212743,0.061094238302742195,0.9859599610366602
mistral7b,draw1,draw3,joint_upper_primary,global_fraction_0.01,6815744,68157,68157,32750,0.3162295778455834,0.4805082383320862,0.4805082383320862,0.4805082383320862,False,False,17434.663914271765,681.5656000284048,17435.961,0.14559182587140956,0.14668102324251117,0.14776238790889573,0.25417748727203365,0.2558357908945523,0.25747905570961166,0.25417748727203365,0.2558357908945523,0.25747905570961166,0.1488915298501988,0.9808025400817576
mistral7b,draw1,draw4,joint_upper_primary,global_fraction_0.01,6815744,68157,68157,32511,0.31319904049015923,0.47700162859280776,0.47700162859280776,0.47700162859280776,False,False,16346.709856305804,681.5656000284048,16346.63,0.13517358858159115,0.13626247217984946,0.13732450405359728,0.23815492172484118,0.23984330296227827,0.24148693457751955,0.23815492172484118,0.23984330296227827,0.24148693457751955,0.08706369118359084,0.9893738638498026
mistral7b,draw2,draw3,joint_upper_primary,global_fraction_0.01,6815744,68157,68157,33195,0.32190963837896025,0.48703728157049164,0.48703728157049164,0.48703728157049164,False,False,17416.215131487166,681.5656000284048,17413.472,0.14543756389644413,0.1464592094196804,0.14750223975341054,0.2539423683554147,0.25549833472717404,0.2570840119136699,0.2539423683554147,0.25549833472717404,0.2570840119136699,0.14469533576888655,0.9788622364180245
mistral7b,draw2,draw4,joint_upper_primary,global_fraction_0.01,6815744,68157,68157,32934,0.31857225769007547,0.4832078876711123,0.4832078876711123,0.4832078876711123,False,False,16319.201503208706,681.5656000284048,16320.381,0.1349469906047307,0.13601626761561092,0.13703089000715188,0.23780316035036753,0.23946183077306807,0.24103283595228664,0.23780316035036753,0.23946183077306807,0.24103283595228664,0.10223454670833515,0.9824699481484465
mistral7b,draw3,draw4,joint_upper_primary,global_fraction_0.01,6815744,68157,68157,31953,0.3061775950786213,0.46881464853206567,0.46881464853206567,0.46881464853206567,False,False,16747.93421282087,681.5656000284048,16747.599,0.13902513055753637,0.1400398931364908,0.14120954951910905,0.2441124902797952,0.24567542585501123,0.24747348034684627,0.2441124902797952,0.24567542585501123,0.24747348034684627,0.17803013630294762,0.9802013609163022
mistral7b,seed0,draw1,joint_upper_primary,global_fraction_0.02,6815744,136314,136314,58327,0.2721732516413829,0.4278870842319938,0.4278870842319938,0.4278870842319938,False,False,28855.937029157365,2726.262400113619,28857.273,0.11756145751775986,0.11838208147023833,0.11919541154032968,0.2103892483530672,0.21170239300438692,0.21300196604897514,0.2103892483530672,0.21170239300438692,0.21300196604897514,0.0957055034699297,0.9885515715484396
mistral7b,seed0,draw2,joint_upper_primary,global_fraction_0.02,6815744,136314,136314,59169,0.2771914044383231,0.43406399929574363,0.43406399929574363,0.43406399929574363,False,False,28903.838265555245,2726.262400113619,28899.943,0.117703490517305,0.11857021528008567,0.11942449587957774,0.21061666446586558,0.2120031691535719,0.21336766583036226,0.21061666446586558,0.2120031691535719,0.21336766583036226,0.10199979459189812,0.9835356354991177
mistral7b,seed0,draw3,joint_upper_primary,global_fraction_0.02,6815744,136314,136314,56846,0.26344180700892567,0.4170224628431416,0.4170224628431416,0.4170224628431416,False,False,28913.255135672433,2726.262400113619,28912.488,0.11782229906816546,0.11862529080860178,0.11942461079040378,0.21080685036019778,0.2120912011972358,0.21336784923045324,0.21080685036019778,0.2120912011972358,0.21336784923045324,0.18541015596343735,0.9806271491821217
mistral7b,seed0,draw4,joint_upper_primary,global_fraction_0.02,6815744,136314,136314,57993,0.27019358445733455,0.42543685901668205,0.42543685901668205,0.42543685901668205,False,False,28370.817034040178,2726.262400113619,28365.391,0.11530740264531524,0.1161248326598789,0.11699391514072416,0.2067724151591179,0.20808574321052864,0.20947995070205555,0.2067724151591179,0.20808574321052864,0.20947995070205555,0.07839253488269732,0.9901895202228097
mistral7b,draw1,draw2,joint_upper_primary,global_fraction_0.02,6815744,136314,136314,58899,0.2755779515180439,0.43208327831330606,0.43208327831330606,0.43208327831330606,False,False,28958.807678222656,2726.262400113619,28960.247,0.11801907041309408,0.11885253470876472,0.11968666778491899,0.21112174831638716,0.21245433337734937,0.21378600143785673,0.21112174831638716,0.21245433337734937,0.21378600143785673,0.0514107134997139,0.993729043550605
mistral7b,draw1,draw3,joint_upper_primary,global_fraction_0.02,6815744,136314,136314,56711,0.26265185233214616,0.4160321023519228,0.4160321023519228,0.4160321023519228,False,False,29047.673627580916,2726.262400113619,29049.482,0.1184324354764376,0.11925215688919577,0.12015580317522927,0.2117829056443212,0.21309256569391258,0.21453409040890883,0.2117829056443212,0.21309256569391258,0.21453409040890883,0.1430667429611045,0.9859034656809279
mistral7b,draw1,draw4,joint_upper_primary,global_fraction_0.02,6815744,136314,136314,57470,0.267106033705463,0.421600129113664,0.421600129113664,0.421600129113664,False,False,28371.00634765625,2726.262400113619,28366.163,0.11525242522956848,0.116138540899042,0.11698487667671703,0.20668401631527208,0.2081077512214446,0.2094654620948692,0.20668401631527208,0.2081077512214446,0.2094654620948692,0.07610370174743605,0.9945186318219137
mistral7b,draw2,draw3,joint_upper_primary,global_fraction_0.02,6815744,136314,136314,57558,0.26762449435067653,0.4222456974338659,0.4222456974338659,0.4222456974338659,False,False,29105.659816196985,2726.262400113619,29102.847,0.11872168603506007,0.11948884937728156,0.12031702619709912,0.2122452572736476,0.21347036988130347,0.21479103393635285,0.2122452572736476,0.21347036988130347,0.21479103393635285,0.1310356969937057,0.9873999984018909
mistral7b,draw2,draw4,joint_upper_primary,global_fraction_0.02,6815744,136314,136314,58242,0.27166885897400017,0.4272635239227079,0.4272635239227079,0.4272635239227079,False,False,28410.634765625,2726.262400113619,28410.395,0.1155170965859468,0.11631220774541196,0.11721362918196022,0.20710950452631424,0.2083865193597136,0.20983207887671113,0.20710950452631424,0.2083865193597136,0.20983207887671113,0.08445207388822865,0.9919149338352728
mistral7b,draw3,draw4,joint_upper_primary,global_fraction_0.02,6815744,136314,136314,55987,0.25843215273193904,0.41072083571753454,0.41072083571753454,0.41072083571753454,False,False,28435.76460484096,2726.262400113619,28431.557,0.11554893406367217,0.11643106357188487,0.1172504855269683,0.20716067315169387,0.2085772554543187,0.20989113370600232,0.20716067315169387,0.2085772554543187,0.20989113370600232,0.15304370790967914,0.9881463124199097
mistral7b,seed0,draw1,joint_upper_primary,global_fraction_0.05,6815744,340787,340787,131100,0.23815838713545054,0.3846977730958047,0.3846977730958047,0.3846977730958047,False,False,74658.0699898856,17039.34000000587,74658.777,0.1224627469083771,0.12301578147810069,0.12357487158183485,0.21820367267530744,0.21908112692092127,0.21996731095963168,0.21820367267530744,0.21908112692092127,0.21996731095963168,0.09071355421421592,0.9925759719666248
mistral7b,seed0,draw2,joint_upper_primary,global_fraction_0.05,6815744,340787,340787,131995,0.24017475194648996,0.3873240469853604,0.3873240469853604,0.3873240469853604,False,False,74846.98727852957,17039.34000000587,74848.805,0.12280663604724096,0.12336190741470217,0.12388802920842668,0.21874939478325173,0.21962985677270552,0.22046329525480726,0.21874939478325173,0.21962985677270552,0.22046329525480726,0.09847206612928311,0.9900425960372066
mistral7b,seed0,draw3,joint_upper_primary,global_fraction_0.05,6815744,340787,340787,127364,0.22981180418974756,0.37373491359705624,0.37373491359705624,0.37373491359705624,False,False,73727.77980259487,17039.34000000587,73725.459,0.12070748016128159,0.12129019096879483,0.12183473061924896,0.2154129999090341,0.21634041204623417,0.21720620211451727,0.2154129999090341,0.21634041204623417,0.21720620211451727,0.1630050442064985,0.986527643801976
mistral7b,seed0,draw4,joint_upper_primary,global_fraction_0.05,6815744,340787,340787,130316,0.236397476317804,0.38239721585623865,0.38239721585623865,0.38239721585623865,False,False,74127.00708879743,17039.34000000587,74131.794,0.12146541763415325,0.12204702372917071,0.12262003421219578,0.21661910518887162,0.2175435095822317,0.21845331541402693,0.21661910518887162,0.2175435095822317,0.21845331541402693,0.06386393847183139,0.9952086595439716
mistral7b,draw1,draw2,joint_upper_primary,global_fraction_0.05,6815744,340787,340787,132518,0.24135607296887748,0.3888587299398158,0.3888587299398158,0.3888587299398158,False,False,75052.54745919364,17039.34000000587,75053.366,0.12317655543352299,0.12373789000929888,0.12434596749020844,0.21933605155126223,0.22022553677223602,0.22118808816063995,0.21933605155126223,0.22022553677223602,0.22118808816063995,0.041785631494159106,0.9975909917802198
mistral7b,draw1,draw3,joint_upper_primary,global_fraction_0.05,6815744,340787,340787,128001,0.23122695651702665,0.37560411635420365,0.37560411635420365,0.37560411635420365,False,False,74094.02449253628,17039.34000000587,74095.991,0.1213657360509061,0.1219805292078344,0.12260704466917767,0.21646057508062222,0.21743787174980267,0.21843270136478213,0.21646057508062222,0.21743787174980267,0.21843270136478213,0.11454662296390414,0.9920434237771103
mistral7b,draw1,draw4,joint_upper_primary,global_fraction_0.05,6815744,340787,340787,130573,0.23697416157139461,0.38315135260441274,0.38315135260441274,0.38315135260441274,False,False,74114.00388009207,17039.34000000587,74117.046,0.12143220384690924,0.12201192841633235,0.12255712324548168,0.21656628627265712,0.21748775628178305,0.21835347299046032,0.21656628627265712,0.21748775628178305,0.21835347299046032,0.05683902261529929,0.9977257797563235
mistral7b,draw2,draw3,joint_upper_primary,global_fraction_0.05,6815744,340787,340787,129237,0.2339821522005587,0.37923101526760117,0.37923101526760117,0.37923101526760117,False,False,74310.71402413504,17039.34000000587,74309.476,0.12172012204610147,0.12237222154523089,0.12296767390516361,0.217024050213183,0.21805996120744042,0.21900483293083364,0.217024050213183,0.21805996120744042,0.21900483293083364,0.111805908089217,0.9915170630494509
mistral7b,draw2,draw4,joint_upper_primary,global_fraction_0.05,6815744,340787,340787,131316,0.2386444177095108,0.38533160009037903,0.38533160009037903,0.38533160009037903,False,False,74293.58790806362,17039.34000000587,74295.78,0.12177509247385489,0.12234449847433708,0.12290296646916142,0.21711142150375454,0.21801594544392833,0.21890220284224457,0.21711142150375454,0.21801594544392833,0.21890220284224457,0.07039000900855959,0.9955500663670365
mistral7b,draw3,draw4,joint_upper_primary,global_fraction_0.05,6815744,340787,340787,127003,0.22901125374388492,0.3726756008885315,0.3726756008885315,0.3726756008885315,False,False,73282.82064383371,17039.34000000587,73273.14,0.1198457261660463,0.12046806314052087,0.12104499326858807,0.2140397080874564,0.21503167667780754,0.21595028566230517,0.2140397080874564,0.21503167667780754,0.21595028566230517,0.12583813349687634,0.9916761159199402
